"gene_id","baseMean","log2FoldChange","lfcSE","stat","pvalue","padj"
"213048_s_at",3327.38045351057,-1.93538258061851,0.0634519605348077,-30.5015410762102,2.48609796451449e-204,1.30654392427095e-199
"215505_s_at",37.4005778657034,2.06205825730431,0.0865404191466676,23.8276897389365,1.72520203083269e-125,4.53331337641905e-121
"219112_at",39.5438100753766,1.23847814868788,0.0521871047304607,23.7314975621747,1.70608440834944e-124,2.98871866654655e-120
"1554047_at",18.4296249465071,1.17185516937173,0.0500786523082869,23.4002936452388,4.24425800748493e-121,5.57631838313408e-117
"223674_s_at",14.7808785967691,1.43715828367751,0.0628505251345791,22.8662891932913,1.00635651286953e-115,1.0577612035469e-111
"202072_at",285.391657682621,1.97028786308924,0.0878553348971487,22.4265022197666,2.17044275042139e-111,1.9010908050941e-107
"1555247_a_at",26.0923185403358,1.48910114158271,0.0675603867943161,22.0410393166663,1.16433771123109e-107,7.64882550950481e-104
"203444_s_at",29.5974371935754,1.35640295580645,0.0623554639699723,21.7527521960166,6.50575242524482e-105,3.79892569951462e-101
"35201_at",496.298072997319,1.76437729603853,0.081570581852346,21.6300687818103,9.36435121924461e-104,4.92134113976181e-100
"219921_s_at",27.5633817574659,1.15959339537564,0.054117579217596,21.4272961233751,7.4375881390402e-102,3.5534091550829e-98
"222110_at",15.0605557174932,1.04697465528161,0.0489102947496709,21.4060181121411,1.17427934945165e-101,5.1427564109235e-98
"243259_at",25.8999464972194,1.07363047426706,0.0508797097493861,21.1013482497315,7.73003636526079e-99,3.12495639338397e-95
"230958_s_at",260.055898607069,-2.08633311202132,0.0992077851163184,-21.0299333824977,3.49140216126533e-98,1.31062249416527e-94
"213788_s_at",130.159170827802,-1.31773720927169,0.0642266647679233,-20.5169801986947,1.51857069535394e-93,5.32046428824207e-90
"238353_at",35.6654743536289,1.69731942108682,0.0828544633607933,20.4855520419675,2.8968164039104e-93,9.51495558069421e-90
"226880_at",1582.74001974519,-1.3172861120526,0.0679105247252845,-19.3973779083782,8.120919478275e-84,2.51051060153685e-80
"228834_at",725.243853830137,-2.17932463379394,0.112730972252047,-19.3320840782012,2.8852449301902e-83,8.42395344784532e-80
"242594_at",26.7148052420458,1.47196356843527,0.0764896438855838,19.2439589683159,1.58617965157073e-82,4.38737291624465e-79
"217544_at",9.88967533779113,1.04553066799555,0.0561918144605363,18.6064585746708,2.84833260696836e-77,7.48456359133075e-74
"226400_at",1609.73391454329,-1.35818783992274,0.0731879698183333,-18.5575285568657,7.08917668125347e-77,1.77411710145998e-73
"214257_s_at",710.109497692721,-1.15662122963814,0.0624065409877121,-18.5336538659605,1.10520887778894e-76,2.64014306196908e-73
"230689_at",95.4774601768693,-1.48891777959418,0.0838322372317525,-17.7606828680726,1.42490420132749e-70,3.25584414767674e-67
"222244_s_at",1088.00588088881,-1.20885173216153,0.0692763286045527,-17.4497083854136,3.45994622874109e-68,7.5764172543858e-65
"219403_s_at",90.5214507676719,1.78346378207408,0.102791459952306,17.3503108419862,1.9617983006807e-67,4.12401391575894e-64
"222881_at",23.8465749339356,1.28471048901167,0.074058884037823,17.3471489032368,2.07279562661108e-67,4.18975774465073e-64
"235589_s_at",303.810972635479,-1.48715410781284,0.0871232690143602,-17.0695397984632,2.50164005483615e-65,4.69539969435211e-62
"212229_s_at",422.073702633425,-1.03873105132805,0.061035500391739,-17.0184735876867,5.99122103353835e-65,1.08573320757439e-61
"238673_at",230.957957181664,-1.93663360761812,0.113924755875261,-16.9992342115579,8.31996813906285e-65,1.45749201860103e-61
"211769_x_at",789.274852123646,-1.09437176367574,0.064599141080628,-16.9409646222668,2.24414427361082e-64,3.80447606952719e-61
"230291_s_at",170.572734876831,-1.87734093105375,0.111240131213884,-16.8764717424158,6.70332831062035e-64,1.10089598761357e-60
"223545_at",44.5436772550357,1.00708877330259,0.0596918895467752,16.8714507272119,7.29817332482422e-64,1.16226727549337e-60
"244187_at",103.62805016656,-1.74942210298247,0.103797893731675,-16.854119482471,9.7854620386967e-64,1.51254462347549e-60
"221473_x_at",732.041933222733,-1.05489838634562,0.0633129654958903,-16.6616486541623,2.49063224809464e-62,3.63590797684349e-59
"206108_s_at",244.601966599778,2.40700125909245,0.148419115256982,16.2175960618335,3.78730483916434e-59,5.23784259256428e-56
"228443_s_at",337.755467481183,-1.02552103636832,0.0637015087308716,-16.0988500398157,2.59889926948801e-58,3.41456380521682e-55
"220553_s_at",124.280337945773,1.25465550902341,0.0785584634687198,15.9709782195904,2.03568084658892e-57,2.60934563930815e-54
"235433_at",137.878570399409,-1.26127335981914,0.0795627934338254,-15.8525524982752,1.34984874903285e-56,1.68904645611124e-53
"226833_at",81.069931296364,1.00052264512795,0.063844007453016,15.6713634535592,2.37430862996556e-55,2.77287590531578e-52
"225187_at",109.235331078445,1.17370650581433,0.0749747425705679,15.6546920412512,3.08603458246498e-55,3.52572742275792e-52
"31874_at",134.565181196369,1.16720024219244,0.0747301689695572,15.6188626131425,5.41632063902484e-55,6.05636840134705e-52
"241813_at",17.8034184427999,1.09098428215278,0.0699878607235947,15.5881930219504,8.75758591608914e-55,9.58846187987809e-52
"227556_at",2927.0975824924,-1.62428516458216,0.105115770331802,-15.4523451567262,7.2747714127094e-54,7.6463667364706e-51
"242277_at",125.029511224415,-1.82928144701508,0.118928546964976,-15.381348664369,2.18351622425722e-53,2.20677907018488e-50
"210758_at",63.9467462210177,1.00597223998434,0.0654791680373569,15.3632410144615,2.88770143160089e-53,2.86340115162931e-50
"208156_x_at",103.173901301691,1.0859889198883,0.0708186784646453,15.3347809283176,4.47780865942798e-53,4.21505268111276e-50
"213038_at",235.729123069891,1.07880970949278,0.0703514185889104,15.3345835966246,4.4914364300018e-53,4.21505268111276e-50
"226085_at",409.972006936997,-1.59231646054854,0.104895019998973,-15.180095876469,4.79080988679852e-52,4.34096935846223e-49
"235059_at",14.3179294459534,1.56884202852865,0.103696489214138,15.1291720714759,1.03995521022794e-51,9.26335696920663e-49
"205841_at",30.3794491879324,1.20420331447494,0.0798447166705487,15.0818158632044,2.13320320535012e-51,1.86847268756617e-48
"219624_at",18.2045882924997,1.0677541468489,0.0716618084284138,14.8999051275063,3.30047804123893e-50,2.79763424160114e-47
"34449_at",22.0058861332942,1.22586164326118,0.0823078239884479,14.8936223053744,3.62581494360016e-50,3.02462029438036e-47
"36564_at",239.038147801873,1.17373080714984,0.0790289440914974,14.851910532816,6.76138869897055e-50,5.46673879516459e-47
"214718_at",189.360853090238,-1.11996893516824,0.0755625780719168,-14.8217406518648,1.06001583254061e-49,8.44061697929385e-47
"227014_at",88.801605891581,1.38543499587664,0.0936620145220949,14.7918556198662,1.65332069400732e-49,1.29684501123673e-46
"37433_at",15.1356222720731,1.01888075939594,0.0696663030349034,14.6251590081574,1.94116843364181e-48,1.50023773325899e-45
"200629_at",844.232692016919,1.43285558744428,0.0981391967171221,14.6002375745378,2.79868403697309e-48,2.13162378085629e-45
"243495_s_at",138.870793980793,-1.65703589265255,0.113701677516582,-14.5735395364848,4.13879254564776e-48,3.10728719205675e-45
"229835_s_at",198.410628769469,-1.46684923170413,0.100688919151911,-14.5681296815896,4.47988802801276e-48,3.31600049893215e-45
"222787_s_at",310.759635080911,-1.57300811912154,0.10798404093561,-14.567042550848,4.55173674558693e-48,3.32238851288299e-45
"37145_at",62.2008109294381,1.81217192654052,0.124490718861393,14.5566829649219,5.29661847275404e-48,3.8131299618783e-45
"230795_at",218.383535848206,-1.62011460304679,0.111448378956168,-14.5369059489324,7.07174854426025e-48,5.02227936479802e-45
"202397_at",643.5281513382,1.22580048455529,0.0843420336236761,14.5336842365535,7.41241209808192e-48,5.17105367569963e-45
"218963_s_at",381.940695276718,-3.09324490320552,0.212841652012876,-14.5330806914541,7.47802411525615e-48,5.17105367569963e-45
"213472_at",13.1187187907207,1.24761263806576,0.086101461771507,14.4900285360617,1.40084613327394e-47,9.56104775169853e-45
"1560503_a_at",20.689778414606,1.00731095326871,0.0695460342350921,14.4840890547924,1.52734085129684e-47,1.02907527050069e-44
"230085_at",121.203194619684,-1.61829071504318,0.11176329232891,-14.4796263721427,1.62980673218564e-47,1.08421345573777e-44
"236235_at",55.9277069465547,-1.49452728611615,0.103697264206225,-14.4124080568215,4.32368433593349e-47,2.77105983647133e-44
"213753_x_at",423.888441726968,1.19193600458401,0.0828043758211248,14.394601647126,5.5946300482465e-47,3.5424118982596e-44
"228222_at",1969.67911289404,-1.2398763431435,0.0864271591738758,-14.3459111116807,1.13006351923823e-46,6.98698331647601e-44
"209811_at",64.8246499881151,1.58151813372475,0.110283229307518,14.3405134548135,1.22148377636862e-46,7.46440213759029e-44
"231152_at",27.0016780674554,-1.67988375523945,0.117306990610803,-14.3204061965318,1.63166726963574e-46,9.85639559637201e-44
"235175_at",57.088105654139,1.52003120126031,0.106549140150456,14.2660109608947,3.56389519879525e-46,2.10446009300545e-43
"229841_at",145.159435015233,-1.16322248304045,0.0819416137063961,-14.195747806583,9.73424773779687e-46,5.62168852321073e-43
"1558101_at",18.2102270482372,1.10566377429969,0.0779817929029468,14.1784861971019,1.24503376775165e-45,7.11212006852396e-43
"230002_at",281.779684717089,-1.64821069799803,0.116579729019466,-14.1380556625141,2.21315018481045e-45,1.23733930651626e-42
"242037_at",34.4332299625868,1.30740922698754,0.0927186037295836,14.1008295465776,3.75331570314584e-45,2.07633424698028e-42
"235729_at",95.6148002325296,-1.23189523204828,0.0875049318941534,-14.0780091519686,5.18499826863724e-45,2.8384624896871e-42
"204507_s_at",34.5062897800838,1.14353594687707,0.0819751005245477,13.9497962132371,3.15505591230849e-44,1.6581080841546e-41
"204858_s_at",172.206974571816,1.25724911913835,0.0903389344684601,13.9170240000704,4.99263254799764e-44,2.5723804992889e-41
"223694_at",58.2042501369321,1.60070189498206,0.11520407199827,13.8944905958367,6.84084649614745e-44,3.49042569668479e-41
"215780_s_at",906.831752835605,1.23487577681495,0.0890399539851857,13.8687827379202,9.7924513322185e-44,4.94838930109049e-41
"239131_at",45.143502437962,-1.62587536374928,0.117669101172265,-13.8173517733346,2.00304097879803e-43,9.93092599997657e-41
"231769_at",150.084420585142,1.37721313563386,0.099862701828055,13.7910662381753,2.884646103487e-43,1.41681954507155e-40
"242414_at",474.27097103505,-1.78567892294275,0.129796411965665,-13.7575368679306,4.58896758424494e-43,2.2330426150223e-40
"205495_s_at",54.9979364378178,1.6181196072615,0.117866438820718,13.7284168712585,6.86164732240882e-43,3.24871183226913e-40
"221920_s_at",50.1065356231904,1.24665374594634,0.0911733649276724,13.6734423143789,1.46306830196448e-42,6.74474487205624e-40
"242939_at",64.9474254131783,1.23288556749483,0.0902620315050434,13.658960993205,1.78512609206334e-42,8.08754453812904e-40
"1558369_at",30.9716619165667,1.01538496550146,0.0744581977499928,13.6369801604761,2.41349648987156e-42,1.07490588583652e-39
"209108_at",1422.37321973361,-1.20851929287038,0.0886202295781991,-13.6370589268669,2.41089167215385e-42,1.07490588583652e-39
"208103_s_at",131.738814253823,1.29989042723487,0.0953649741465727,13.6306902913535,2.63080022559884e-42,1.16184096685816e-39
"212062_at",923.078019727442,-1.16570861679041,0.0856848754620956,-13.6046018682269,3.76010407417019e-42,1.64673757928284e-39
"200628_s_at",416.665217438452,1.34938848672303,0.0992937643003659,13.5898613193986,4.59951082360393e-42,1.98133353953837e-39
"204669_s_at",53.0593004574172,1.06780458000702,0.0785928817013746,13.58653044514,4.81363767148101e-42,2.05671474948791e-39
"209678_s_at",574.490749176493,-1.03487414458733,0.0762157298331262,-13.5782225907064,5.39190461783786e-42,2.26692924228681e-39
"1566764_at",79.6620209653654,-1.77035817446836,0.131066618927875,-13.5073155083261,1.41590943338925e-41,5.68028277575106e-39
"218737_at",53.3915375803641,1.00074719003295,0.0742174075435608,13.4839955093497,1.94293593226837e-41,7.62007873018149e-39
"208050_s_at",93.1984404782058,1.27637204846654,0.0947771377275222,13.4670879398788,2.44313020210228e-41,9.51083441787282e-39
"206288_at",57.6885181211906,1.14251365156139,0.0848799616301239,13.4603459947361,2.6765993749852e-41,1.03430884965421e-38
"228030_at",203.947948723452,-1.77509176619294,0.132070917406449,-13.4404439754899,3.50328414745519e-41,1.33414199337218e-38
"207528_s_at",31.1410310116064,1.17948697633469,0.0880801373035637,13.3910665042409,6.8194422030628e-41,2.54176571304796e-38
"230921_s_at",122.581627783525,-1.07464600356711,0.0808626923999499,-13.2897628272364,2.65418167393897e-40,9.4889703191965e-38
"238542_at",64.2356279732436,1.75316941741179,0.132084234329695,13.2731164041555,3.31502241556822e-40,1.17714654072819e-37
"201122_x_at",524.86788855901,1.30578558058041,0.098446249488788,13.2639444098794,3.74659298995084e-40,1.32146609391864e-37
"225915_at",101.062931628667,-2.01018873929378,0.151641310832177,-13.2562078780661,4.15374726459944e-40,1.45530689162506e-37
"222812_s_at",43.2711750183356,1.16444205565056,0.0883549923721128,13.179131415081,1.15715386810672e-39,3.92342350867618e-37
"242844_at",130.362449199196,-1.27313025542062,0.0966719992367767,-13.1695864932137,1.3131489676162e-39,4.42379684898088e-37
"229128_s_at",335.814653547562,-1.45022961163591,0.11031971773015,-13.1456972649556,1.80137304718848e-39,6.0298954854741e-37
"230461_s_at",43.6457829450879,-1.07931597973667,0.0821212192607949,-13.1429609722313,1.86772617208212e-39,6.21243552200024e-37
"228498_at",1697.52241168517,-1.23485862313838,0.0942104338220306,-13.1074507678322,2.9846289871075e-39,9.74249638437563e-37
"205405_at",215.165271530602,-1.12447957387118,0.085892599059846,-13.0916934192165,3.67325883266471e-39,1.16996633146582e-36
"220936_s_at",43.4029966938803,-1.30584928785488,0.0998787895930422,-13.0743403396816,4.6155045213088e-39,1.4612242446558e-36
"223253_at",333.957455863584,-1.63544807564384,0.125092762649675,-13.0738824613215,4.64337819318119e-39,1.46124609320026e-36
"227458_at",49.9232859245693,1.60604589847807,0.123052907016595,13.0516697038411,6.21697546679065e-39,1.93329543598649e-36
"203896_s_at",410.70764013393,-2.09613353670135,0.160618412539255,-13.0503938095457,6.32197660008766e-39,1.95438328377063e-36
"216604_s_at",105.183916149521,-1.31683928197381,0.101012287779582,-13.0364266657069,7.593325865782e-39,2.32011422994365e-36
"240277_at",123.049647261709,-1.12876601762317,0.0867416320644554,-13.0129672541141,1.03253488683572e-38,3.1366380602754e-36
"202589_at",737.445306144759,1.09845992514667,0.0848134819327162,12.9514777617325,2.30474247170935e-38,6.83504322540042e-36
"230499_at",55.4631941341793,1.02168304985706,0.0788875232485717,12.9511360958535,2.31502396415359e-38,6.83504322540042e-36
"239694_at",16.6607964460832,1.24442368912185,0.0962656858276915,12.9269705858563,3.17067605362392e-38,9.20617178575423e-36
"205471_s_at",234.741535777599,-1.82798494742469,0.141604243204811,-12.9091113800931,3.99889147292138e-38,1.14216164384734e-35
"221499_s_at",213.074509941088,-1.08274365941828,0.0839138932133227,-12.9030321196727,4.32729271609105e-38,1.22927860217e-35
"219956_at",280.944830178148,-1.50757069253455,0.117223213534644,-12.8606838788719,7.4910958084378e-38,2.0830002598764e-35
"240044_x_at",80.8871177021316,-1.00948107835208,0.0786458898135451,-12.8357766787988,1.03361173164489e-37,2.84400162015003e-35
"1562921_at",17.0053604813162,1.43926131679194,0.112331127726904,12.8126668530474,1.39264595652354e-37,3.79218215539575e-35
"202375_at",123.480815288277,1.07068268784327,0.0837009542237028,12.7917620267711,1.82293371673381e-37,4.9382710592386e-35
"202478_at",162.088445199441,1.46464516795119,0.114670214478045,12.7726731358962,2.33012319952218e-37,6.2161063262786e-35
"221830_at",612.614008421448,-1.0395522285842,0.0815835829850605,-12.7421742285401,3.44653986573947e-37,9.10198271879758e-35
"202203_s_at",61.2904630102915,1.72435418687594,0.135381457402367,12.7370041655778,3.6826634039451e-37,9.67693462654655e-35
"220104_at",39.3357330857615,1.0251531142131,0.0805109123513308,12.7330952323528,3.8718017600165e-37,1.01233169002939e-34
"207457_s_at",326.336218734199,-2.59985767226427,0.204872782712058,-12.6901076748603,6.70934822019201e-37,1.72844650178417e-34
"219221_at",505.870876073483,-1.10023059712885,0.0867684685750568,-12.6800739392689,7.62598965751923e-37,1.95500614859154e-34
"244290_at",18.4381515277936,-1.21581788941978,0.0960795889838739,-12.6542786275225,1.05944219477692e-36,2.68975483595681e-34
"242784_at",51.508706495334,-1.53565131245815,0.122458901466473,-12.5401362748512,4.50220672303431e-36,1.09541190797382e-33
"242121_at",451.27981557612,-1.43151227388318,0.114498025065054,-12.5025062490803,7.23343054244925e-36,1.73582515400858e-33
"1554411_at",144.570464859279,1.67149630399749,0.134186601737377,12.4565067030228,1.28893987364421e-35,3.03762090221963e-33
"230466_s_at",614.086960755858,-1.08915406278169,0.0878238368615607,-12.4015768577562,2.56231065843326e-35,5.98756312276089e-33
"203431_s_at",226.509411561561,1.1721060371054,0.0945213424353185,12.4004379001227,2.59899377615222e-35,6.04369552707538e-33
"212151_at",373.934405918184,-1.13433786505427,0.0918245342820571,-12.3533201003767,4.67418323293929e-35,1.07739923519251e-32
"231207_at",56.6556294797821,-1.03288488297352,0.0837846088448864,-12.3278594626578,6.4127656732866e-35,1.45265727238752e-32
"210029_at",176.925985199798,2.01874606871743,0.163904281889667,12.3166158043166,7.37236461234467e-35,1.62792962116455e-32
"203895_at",977.733058484359,-1.88935164814024,0.153513419241596,-12.3074038574232,8.2638842527449e-35,1.81715553564333e-32
"202409_at",1208.94298322146,-3.54254496558879,0.289351681317602,-12.2430426167124,1.83039910556413e-34,3.90295990294694e-32
"213094_at",93.4106083169192,1.87194036235436,0.15290048889471,12.2428670822852,1.83436293341686e-34,3.90295990294694e-32
"223075_s_at",35.3325735660518,1.17114287862531,0.0956991586160314,12.2377552275483,1.95361238843713e-34,4.13992522023891e-32
"204070_at",297.344590487574,1.68786165158411,0.137978517608087,12.2327858049489,2.0769143312155e-34,4.38354039207628e-32
"244010_at",38.8130952303863,-1.09970281044078,0.0899854000701563,-12.220902608461,2.40400620110549e-34,5.05360567571592e-32
"229704_at",143.599465462145,-1.54354887747884,0.126399631599226,-12.2116564577732,2.6934885432654e-34,5.63958553397488e-32
"210538_s_at",191.244808740989,1.35747565882982,0.11125507564447,12.2014717168303,3.0525625780469e-34,6.31592022545972e-32
"230621_at",236.379038545071,-1.00057108078238,0.0820190246228242,-12.199256030947,3.1367676143974e-34,6.46469353753103e-32
"1555867_at",52.607081749012,-2.21704187587609,0.18236078840335,-12.1574484037236,5.23689623071877e-34,1.0585378634969e-31
"1554696_s_at",210.240656944041,1.13306608601484,0.0932490814750864,12.150962434065,5.66942360854425e-34,1.14157428476412e-31
"213470_s_at",105.8124538024,1.2683785919636,0.104643464451543,12.1209537414632,8.18016163464633e-34,1.62226496055548e-31
"225914_s_at",106.339848799072,-1.59077618884592,0.131330363391589,-12.1127829678099,9.03749054674944e-34,1.78554991802207e-31
"218346_s_at",369.76614329903,-1.4093350280374,0.116634960770285,-12.0832983415078,1.29421919976682e-33,2.53792521733378e-31
"203349_s_at",111.401785086448,1.12794524677332,0.0933685606495241,12.0805680084035,1.3379228112903e-33,2.6138734358569e-31
"230036_at",44.2838060085215,1.3906491188391,0.115246316081822,12.0667555035059,1.58251383743375e-33,3.08027526712938e-31
"213757_at",474.465544836714,-1.19994076753272,0.0994796324426323,-12.0621753224179,1.67304722889111e-33,3.24447690284662e-31
"217678_at",147.181429165923,1.66440580689498,0.138034899187156,12.0578622992891,1.76299605338746e-33,3.39386427068589e-31
"238725_at",230.326752863092,1.0980888737025,0.0910760737818786,12.0568314827926,1.78519549833525e-33,3.42405708830331e-31
"1558249_s_at",231.558343036335,-1.01601500188529,0.0845204291702995,-12.0209399296604,2.75815989688179e-33,5.21411277772395e-31
"206858_s_at",141.819355666261,2.56838448725185,0.213822475718874,12.0117610584056,3.08210843939986e-33,5.80563178939857e-31
"242787_at",47.2530631749404,1.26132416799901,0.105022206956877,12.0100710558951,3.14574648631737e-33,5.90434145864012e-31
"208744_x_at",482.434610061212,-1.039218330736,0.0867362200791627,-11.9813652219052,4.44935507959546e-33,8.29189386003759e-31
"209109_s_at",1328.90639287571,-1.02547528762356,0.0857745574016721,-11.9554716303737,6.07874820646765e-33,1.10159494221621e-30
"1554539_a_at",71.8171820587467,1.26890331594109,0.106247062770296,11.9429496011992,7.06717553323423e-33,1.27194638004655e-30
"216191_s_at",16.0764344978709,1.31657557349785,0.11040718235051,11.9247275898964,8.79713090274238e-33,1.56720141512787e-30
"219211_at",67.5191476571787,1.26729965657761,0.106289659598157,11.9230756911708,8.97335262197614e-33,1.59319450572748e-30
"225541_at",905.105845610648,1.34879079277002,0.1134834900891,11.885348183344,1.41046093245912e-32,2.47910915867747e-30
"204430_s_at",42.5927673200479,1.24747175982947,0.105080900454184,11.8715366392713,1.66383137262279e-32,2.90501641052551e-30
"213201_s_at",25.7811208439991,1.27030608474359,0.107035183159346,11.8681170737332,1.73324744889898e-32,3.01619491488202e-30
"205842_s_at",68.0254296275718,1.03863823905617,0.0878810687886337,11.818680102244,3.12556563724851e-32,5.3158892071184e-30
"205184_at",149.55574630617,-1.9128555390234,0.161934219958819,-11.8125467211924,3.36220442626035e-32,5.69991262637699e-30
"204044_at",271.079994294725,-1.60018865064542,0.135740819915334,-11.7885588995522,4.47126321246356e-32,7.50743664114409e-30
"232541_at",76.1300389272121,-1.64702306283457,0.139810039526575,-11.7804348558353,4.92383909390993e-32,8.18744342212085e-30
"238327_at",73.5780610955011,1.06641227155982,0.0905710902042704,11.7743119703504,5.29473369760312e-32,8.75029669005768e-30
"1556194_a_at",24.1870691633369,1.66582678166851,0.142300411170676,11.7064087725686,1.18179956109183e-31,1.88840528784562e-29
"217790_s_at",159.439061279983,1.13695799652255,0.0971298777100362,11.7055433747866,1.19391943821195e-31,1.90137097441791e-29
"204415_at",493.649466158896,1.86983757546138,0.159811718424598,11.7002532348315,1.27073716233804e-31,2.01759277430554e-29
"209750_at",123.705363457674,-1.15662332572952,0.0990231295908997,-11.6803349935307,1.60661106641589e-31,2.52795922109043e-29
"204653_at",57.3041599743888,1.82173955875766,0.15638687601652,11.6489286387767,2.32361658840449e-31,3.60222260138671e-29
"229490_s_at",205.296692920033,-1.26159554303632,0.108479396598259,-11.629817113645,2.90719760422378e-31,4.45436918053576e-29
"206286_s_at",682.050593084287,-1.75586140634657,0.151052158010438,-11.6242060323643,3.10466370732325e-31,4.74309582775191e-29
"205549_at",88.0575160360173,-2.45413944973738,0.211428632567837,-11.6074129597843,3.77875869118e-31,5.70657713380097e-29
"218807_at",741.537150325437,-1.62453475027827,0.140296664445726,-11.5792827769382,5.24833109339779e-31,7.88059406521221e-29
"226603_at",120.794625069096,1.42862620793154,0.123877736413447,11.5325501522198,9.04248546968864e-31,1.3386444545747e-28
"238611_at",37.9500609416116,-1.01186106081755,0.0877427546681871,-11.5321323640232,9.08648237782502e-31,1.34137919911297e-28
"201939_at",155.707493235937,1.34023301759356,0.11627390498788,11.5265159257639,9.69898915190774e-31,1.42778900809344e-28
"235092_at",12.9353701228229,1.04573892501591,0.0908008024079958,11.5168467379516,1.08509647622624e-30,1.58847242929231e-28
"202479_s_at",50.9292329060202,1.11530750813663,0.0968574955819993,11.5149323388443,1.10946590424156e-30,1.61963530920863e-28
"242967_at",43.941497412892,-1.97850385170257,0.171942779594761,-11.5067574013027,1.2197903844354e-30,1.76597421111895e-28
"229543_at",13.9630400892619,1.0354478252291,0.090610632074458,11.4274429117572,3.04957286701827e-30,4.25112075472887e-28
"232136_s_at",57.434879758614,-1.36688885448042,0.119636252889183,-11.4253733418627,3.12310511251748e-30,4.34210756833978e-28
"232058_at",269.317344039194,-1.25877435058178,0.110276956262757,-11.4146635275505,3.53268414588079e-30,4.88570217375314e-28
"219471_at",538.764985471137,-1.71884405946419,0.150794839171832,-11.3985602485079,4.25090820821629e-30,5.84822591556542e-28
"232382_s_at",304.535017276294,-1.27502559807192,0.11190098079444,-11.3942307656277,4.4675824253288e-30,6.09842407222675e-28
"242517_at",38.7198595088002,1.89080703098454,0.165979912556271,11.3917823058469,4.59493428629959e-30,6.23252955678537e-28
"243271_at",57.2967614368024,1.08358128184788,0.0953457730977053,11.3647542690485,6.2640488934853e-30,8.41945845391883e-28
"216992_s_at",94.3229526638093,-1.67820364120648,0.147678754749629,-11.3638799572198,6.3270779359297e-30,8.46089704439821e-28
"227641_at",125.451275163429,1.47948966768144,0.13045956365162,11.3405995411136,8.25767813250601e-30,1.09038697632091e-27
"206907_at",43.5880513935272,1.29066690241094,0.113824079604698,11.3391376138803,8.39678169506653e-30,1.10597610326448e-27
"217478_s_at",381.242637765704,1.40764153529783,0.124441505204357,11.3116723635431,1.14878765581642e-29,1.49439075405387e-27
"221003_s_at",91.4912241382738,-1.00201872310926,0.0887308062430754,-11.2927940760987,1.42435504791682e-29,1.83920283017741e-27
"238581_at",36.4091204318803,1.28382209039134,0.113727989928684,11.2885323234535,1.4951236060196e-29,1.92585112722436e-27
"226661_at",152.992352475131,1.08012925504589,0.0959908928521748,11.2524138796092,2.25339271047696e-29,2.82636755385218e-27
"220351_at",11.3409679899354,1.20816895805128,0.107455853535052,11.2433982729211,2.49585907383743e-29,3.10088363514072e-27
"235057_at",18.2158656965839,1.30554831209326,0.116439509821481,11.2122450025328,3.55071372828384e-29,4.34974846797736e-27
"207325_x_at",15.3879426616079,1.21960115440083,0.109121613216605,11.1765315637329,5.31259299176899e-29,6.43313391911124e-27
"235174_s_at",208.128895487442,-1.0875923253629,0.0973802716490834,-11.1685078193468,5.81495226610611e-29,7.02526439983771e-27
"204698_at",258.355788158086,1.15404387684811,0.103345855640962,11.1668133152569,5.9269255154909e-29,7.14412026470433e-27
"213915_at",57.9638966551509,1.23607745238986,0.110697497573149,11.1662637321413,5.96369952529308e-29,7.1719969073742e-27
"202638_s_at",98.7049660666641,1.31474596946799,0.117773998908317,11.1632956480613,6.16624929273689e-29,7.39536584558873e-27
"215123_at",140.678997219903,-1.19553348356873,0.10712282226188,-11.1603994211993,6.37047139795595e-29,7.60894895109494e-27
"204205_at",114.881769756723,1.33723030614921,0.119896732842303,11.1531838645514,6.90891547741444e-29,8.19618835214533e-27
"213169_at",165.072528779253,-1.09506748360024,0.0983318240771978,-11.1364504205732,8.33765537870273e-29,9.82459956888662e-27
"227260_at",588.303039151587,-1.52336288538369,0.137165664972314,-11.1060073648254,1.17287260109203e-28,1.37587380977211e-26
"222357_at",93.2971864461985,-1.19073118103399,0.107386290218742,-11.0882979438857,1.42982352929164e-28,1.66984323907539e-26
"238040_at",59.7122747833758,-1.01218263523239,0.091289246233663,-11.0876436929014,1.44031728890784e-28,1.67836884260006e-26
"205543_at",47.1439977417973,1.49814207505564,0.136089191291382,11.0085309556139,3.47625600514758e-28,3.9288421095597e-26
"229427_at",142.637367285043,-1.07856423568535,0.0984609916358603,-10.9542288551615,6.34161823567127e-28,6.9869476888358e-26
"222696_at",906.393260807935,-1.49350122075681,0.136407775056933,-10.9487983374368,6.73349477565086e-28,7.37233509249074e-26
"206653_at",31.2859352566208,1.02050777229464,0.0932731424829089,10.9410677621549,7.33311145434778e-28,8.01214842768801e-26
"206696_at",64.7496159235448,-1.37749890688629,0.126252574252107,-10.9106599611636,1.02509431806349e-27,1.11307452048572e-25
"244023_at",71.6114708757414,-1.13413801037975,0.104151483537923,-10.8893121043907,1.29615582626573e-27,1.39586420683543e-25
"220658_s_at",62.4511216754138,1.08673305267675,0.0998450363771203,10.884197072873,1.37101473276636e-27,1.47346233672399e-25
"228088_at",35.7984493803353,-1.04652811094354,0.0962386946240959,-10.8742966125136,1.52829993626296e-27,1.63248526118625e-25
"209921_at",220.061600370943,1.38365853908886,0.127267431763048,10.8720551669889,1.56632230791799e-27,1.66970593448929e-25
"229943_at",210.943321344281,-1.1151751070122,0.102674760784403,-10.8612389110295,1.76340395223005e-27,1.87060231674724e-25
"209781_s_at",218.24904103867,-1.09872173089296,0.101250266084258,-10.8515441330162,1.96084355275123e-27,2.06928056368048e-25
"231252_at",71.7927359384476,-1.07574111899168,0.0993065122458206,-10.8325334830894,2.41382771676583e-27,2.52701796467951e-25
"205114_s_at",179.006357980345,1.64899407424807,0.152481554737041,10.814383923956,2.94263120936073e-27,3.03825227066294e-25
"230093_at",70.1194274401455,1.00695754231421,0.0931711409757884,10.8076120112759,3.16809793886424e-27,3.25824303481549e-25
"209969_s_at",291.610426658473,1.27985609562448,0.118529574381949,10.797778548502,3.52631916597493e-27,3.60548983363125e-25
"235652_at",160.650064098226,-1.41759939329854,0.131413648497686,-10.7873071747453,3.95199930112297e-27,4.0250653347135e-25
"222450_at",809.285457855673,-1.34503588463278,0.12472481566286,-10.7840278414884,4.09550663830275e-27,4.15512076967882e-25
"1558515_at",88.1450763034909,-1.17029007449691,0.108800411209693,-10.7563019430266,5.53468508239105e-27,5.52984486349771e-25
"226459_at",271.58721811928,1.12486949084799,0.104683555476594,10.745426879387,6.22731813798651e-27,6.18658747492898e-25
"211089_s_at",80.7172450569405,-1.05273461567077,0.0981280734634002,-10.7281696105388,7.5068364522448e-27,7.38790791968677e-25
"218704_at",782.563835322405,-1.18197667253941,0.110511473040617,-10.6955109729195,1.06829190560797e-26,1.03776363784327e-24
"229625_at",52.8546812850986,1.13482584677874,0.106117119814069,10.6940882749843,1.0848126388493e-26,1.05186795981708e-24
"201313_at",90.0148316827921,1.28160128592816,0.120264111233107,10.6565564139417,1.62503379176273e-26,1.5527641071327e-24
"204014_at",104.912040343527,1.80766275748245,0.169710278820956,10.6514630112035,1.71645955580914e-26,1.63714728667865e-24
"220293_at",16.6994099293207,1.03200617272902,0.0970389230741979,10.6349714118316,2.04891568148313e-26,1.93666753101915e-24
"222868_s_at",88.0561979557422,1.02218026762536,0.0967433971039469,10.5658918150979,4.28872642120857e-26,3.94037986608733e-24
"1569540_at",20.4491946301668,-1.05952129314369,0.100481852936673,-10.5444044091368,5.39133639128069e-26,4.93617234681821e-24
"232375_at",68.1129825723901,1.05620687123158,0.100429992520446,10.5168470565857,7.2251004611627e-26,6.55799533049991e-24
"206247_at",99.0693242670276,1.22904577139457,0.11713051127001,10.4929600158695,9.30662612333199e-26,8.38937271501869e-24
"44790_s_at",589.070106557056,-1.7206455925866,0.164586920313108,-10.4543276544288,1.39988108598226e-25,1.24905518833127e-23
"230964_at",18.2659236323552,-1.80760938670781,0.173082221206563,-10.4436456506445,1.56675685802225e-25,1.39086722831928e-23
"204103_at",201.916254346684,1.28327457134712,0.122913833148909,10.4404405791531,1.62056820757128e-25,1.43379362930473e-23
"1405_i_at",162.624628751791,1.50447340449239,0.144207483609429,10.4326999323218,1.7582012862491e-25,1.54774724283978e-23
"216129_at",76.8839516074794,-1.03811257582533,0.0996048204165816,-10.4223126098073,1.96125343023174e-25,1.71215469721593e-23
"218806_s_at",281.06879853666,-1.47692339106941,0.141943252315394,-10.4050271286424,2.35189094661683e-25,2.0362648568122e-23
"204712_at",33.2797697282957,-2.42465173572029,0.233084383218641,-10.4024632720498,2.41605357013264e-25,2.08152916925821e-23
"204015_s_at",163.752316031751,1.50225937391983,0.144433989779532,10.4010100130372,2.45318974075735e-25,2.1100643802907e-23
"223779_at",53.7613301359859,1.74759043751903,0.168062831265817,10.3984350635802,2.52038354494502e-25,2.16078689756999e-23
"227996_at",101.500489864895,-1.20481525319913,0.115986627810373,-10.387535838777,2.82558863460194e-25,2.41064910881283e-23
"215223_s_at",475.194583558081,1.0166723304434,0.0981283449202437,10.3606387254338,3.74453089567681e-25,3.12861807140539e-23
"201123_s_at",1277.80302434707,1.55418356075778,0.150025055862984,10.3594932980875,3.78964232772189e-25,3.16128353795391e-23
"202270_at",437.278029775933,1.29349627102543,0.125399516924125,10.315002025152,6.02800377187064e-25,4.91918804700139e-23
"223502_s_at",151.539519038931,1.3395096364931,0.129905268217497,10.3114342849468,6.25605947132553e-25,5.08948838167247e-23
"214617_at",132.8232100129,1.12050880496961,0.10868459624186,10.3097296554895,6.36801997909123e-25,5.17256448193448e-23
"1569532_a_at",307.596507919835,-2.55744039147167,0.248327855588291,-10.298644851634,7.14608652282025e-25,5.77777586338916e-23
"209546_s_at",194.464085516235,1.03250859548632,0.100276620029181,10.296603487292,7.29931663953608e-25,5.89260040974162e-23
"1569003_at",457.4498603242,-1.16256047449766,0.113041678531533,-10.2843525467765,8.28973322052513e-25,6.63102952315795e-23
"207380_x_at",423.853347553701,-1.46422731689949,0.142397592560109,-10.2826690435895,8.43585319944684e-25,6.73765697634847e-23
"204916_at",146.581954787675,1.37284236439776,0.134056099420436,10.2408049341505,1.30149010579321e-24,1.02700466996781e-22
"210808_s_at",321.433408801388,-1.28483547384906,0.125672126516564,-10.2237107739218,1.55280321920272e-24,1.20540650490369e-22
"1554803_s_at",26.0815555098805,1.08022322601167,0.105782337376941,10.2117541812527,1.75659953707342e-24,1.35959251946033e-22
"224221_s_at",111.719234635585,-1.66448439017372,0.163552999560257,-10.1770337116959,2.51099038185607e-24,1.91250128301542e-22
"204747_at",156.008231429573,1.18551269207069,0.116631807299128,10.1645744803575,2.85365330935365e-24,2.1640821936475e-22
"216255_s_at",23.4082380090003,-1.5021829602583,0.147848479691039,-10.1602868247102,2.98197893079448e-24,2.25489094574062e-22
"243623_at",32.8318713326701,-1.26430207319888,0.124565369352815,-10.1497075773758,3.3235778432383e-24,2.498817023942e-22
"241509_at",17.1253108582349,-1.11139853239499,0.109598302638437,-10.1406546054046,3.64647772789575e-24,2.72369590318446e-22
"213716_s_at",189.219278272242,1.21484441807531,0.12020635887631,10.1063240699718,5.17911669868457e-24,3.79085374627672e-22
"226878_at",77.4505562066243,1.04385361897938,0.103448839402421,10.0905300147326,6.08401218398534e-24,4.42852044760617e-22
"242299_at",14.8820459942375,-1.15351440235092,0.114458001539508,-10.0780582120575,6.90777267012504e-24,5.00732530904484e-22
"239449_at",68.563088635676,-1.102396677659,0.109414954306197,-10.0753748392926,7.09895882215514e-24,5.13882482010388e-22
"235458_at",78.9349368459338,1.01742471084873,0.101006245638176,10.0728891012674,7.28073549844829e-24,5.26316056926343e-22
"204655_at",136.037752176962,1.28795093870771,0.127959930095254,10.0652676017325,7.8673087447116e-24,5.67158496254559e-22
"203932_at",361.339313913851,1.05310204009764,0.104829820434852,10.0458250880254,9.58422166752067e-24,6.84360306406089e-22
"1555765_a_at",79.9553424876812,-1.4019683294784,0.139708471061623,-10.03495578203,1.07007338213418e-23,7.60982902905002e-22
"206754_s_at",285.776892619282,-1.54534686700613,0.154231575496896,-10.0196529927636,1.24940834770955e-23,8.8017970918938e-22
"205590_at",32.5599108358604,1.01803874650138,0.102057307007615,9.97516764209174,1.95770570333951e-23,1.3396518949649e-21
"239246_at",189.287148812874,-1.18927349814556,0.119616745610204,-9.9423662805629,2.7228108915843e-23,1.83219722914624e-21
"230332_at",123.986084872415,-1.0139461478039,0.102019605693055,-9.93873815641429,2.82381346349494e-23,1.89289148929226e-21
"214039_s_at",2459.75651600078,-1.01727445506841,0.102375138871625,-9.93673333468235,2.88120755880086e-23,1.92645015324708e-21
"229481_at",85.1628992685177,-1.20058209587811,0.120911669369825,-9.92941460601262,3.10070512249444e-23,2.06010691539283e-21
"230270_at",87.8664852401357,-1.03925327906804,0.104690705979334,-9.92689149763864,3.18015066438453e-23,2.11022270222303e-21
"226034_at",91.1946423595887,1.40157184695176,0.141203976237513,9.92586670926484,3.2129909219644e-23,2.12932566094473e-21
"1555989_at",129.187037730063,-1.41900261214562,0.143220006283766,-9.90785190536933,3.84830934333822e-23,2.5248944972509e-21
"232203_at",150.357689386801,-1.45032857962731,0.146557283042968,-9.89598435174392,4.33326235365691e-23,2.82193642793167e-21
"228487_s_at",373.784332887647,-1.01834623440953,0.102963888835175,-9.89032413140207,4.58540815570851e-23,2.97875822268363e-21
"209582_s_at",33.3498106302063,1.07137440294599,0.108340217388776,9.88898147676219,4.64731962770809e-23,3.01524982363668e-21
"214038_at",114.614222647869,1.60367294250096,0.162300172312055,9.88090720826581,5.03747631871487e-23,3.23247289931308e-21
"222837_s_at",43.1668093994266,1.00597339372233,0.10184058180735,9.87792268926071,5.18975623331627e-23,3.32612742787443e-21
"210321_at",42.7803532361537,1.14385838752987,0.115970033481213,9.86339619980515,5.99853741129961e-23,3.82581474652233e-21
"205139_s_at",15.0307525416681,1.07088634367209,0.108679591395355,9.85361032299441,6.61250767338094e-23,4.20210070455698e-21
"244878_at",59.3996942204592,-1.12894465724084,0.114700880673187,-9.84251080388388,7.3844515160587e-23,4.65885312094776e-21
"205269_at",83.6113233205918,1.18140910096772,0.120071655553272,9.83920056339658,7.63148159172593e-23,4.80317225834209e-21
"209616_s_at",188.631080320549,-1.92043779456583,0.195472654659941,-9.82458542810895,8.82363291022011e-23,5.5138787629454e-21
"206442_at",19.6867269798832,1.77952143621231,0.181310771616305,9.8147584964129,9.7270621101498e-23,6.05682490683427e-21
"203628_at",157.757440288714,-1.13385607252161,0.115615237428597,-9.80715083703284,1.04888249707144e-22,6.50802488206521e-21
"230967_s_at",36.4538226538421,-1.00736739415469,0.102729717231028,-9.80599792647375,1.06093081522056e-22,6.57501863951667e-21
"241547_at",76.0046145894925,-1.42598517699254,0.145468972741748,-9.80267578794348,1.09641980648794e-22,6.77897017766674e-21
"204724_s_at",111.359617088093,-1.59905830116825,0.163352415845453,-9.78900919764243,1.25519807531871e-22,7.69727883900812e-21
"236340_at",69.114951436098,-1.00410171227395,0.102597147872365,-9.78683845600749,1.28243141001521e-22,7.83684887464413e-21
"228033_at",66.8872013416611,1.11237316143509,0.113794599265651,9.77527201302656,1.43770608638642e-22,8.76533708398514e-21
"218484_at",116.182582264219,1.02305346635912,0.104692797514197,9.77195653044219,1.48555073184392e-22,9.0048019793916e-21
"206670_s_at",18.7318309853389,1.03697637213154,0.106351605521709,9.75045338567891,1.83646238537526e-22,1.10427281694521e-20
"202581_at",738.986757627769,1.13700453561365,0.116625155577108,9.7492220266485,1.85887306130949e-22,1.11392491293112e-20
"229215_at",770.948418154604,-1.41039054773609,0.144676759918813,-9.74856326978535,1.8709733305021e-22,1.11989900240555e-20
"223501_at",106.318545472137,1.23780009449795,0.127163470285907,9.73392823988642,2.16083447655982e-22,1.28607582198329e-20
"226550_at",34.6588205915067,1.06514850177703,0.109679617722345,9.71145344865679,2.69466799585527e-22,1.59656800286559e-20
"228008_at",91.3620086438537,-1.06730029540444,0.110259710081516,-9.67987576436912,3.6716188198417e-22,2.14398061619957e-20
"205569_at",119.335089457434,1.03125212085477,0.106671090204338,9.66758771171569,4.14021795820343e-22,2.40957934192052e-20
"204533_at",338.859014837466,1.71444010596636,0.177374706218723,9.66564028499227,4.21972861628158e-22,2.44772204966956e-20
"209425_at",245.142814542237,-1.30440170376558,0.135116410442197,-9.65391028000707,4.7316293318768e-22,2.73259393304894e-20
"218002_s_at",1189.91446363205,-1.58957977038841,0.164833613017265,-9.64354139481195,5.23501046472784e-22,3.00678404331483e-20
"227134_at",110.618451046812,1.07004317971207,0.111140467076607,9.62784490526306,6.09952596575845e-22,3.46545392004832e-20
"204073_s_at",104.899270367879,1.12803787119181,0.117190489560392,9.62567760765686,6.22949725051602e-22,3.53547514582742e-20
"227862_at",126.689712806541,1.4353665584569,0.149398974969396,9.6076064695285,7.42549871510661e-22,4.18263300614912e-20
"220177_s_at",81.5180238036726,1.53827913921073,0.160174267903221,9.60378442397611,7.70618272079611e-22,4.33145162255314e-20
"213385_at",214.692739412517,-1.38690857718645,0.144520062842262,-9.59665080342655,8.25843433599597e-22,4.62701234641719e-20
"207217_s_at",784.232597539101,-1.37704572590443,0.143709763962354,-9.58213059389036,9.50633013403353e-22,5.28113820152218e-20
"229437_at",16.2492304762058,1.1197300207571,0.117309827607956,9.54506577657914,1.36021258072655e-21,7.45407841162702e-20
"229390_at",128.1933512808,1.32860073189028,0.139506599609545,9.52356903263936,1.67331279197873e-21,9.04725107712448e-20
"212657_s_at",235.187558723563,1.49676022006885,0.157230510622865,9.5195278202651,1.7396770833777e-21,9.37712712203401e-20
"208029_s_at",1135.52917644525,-1.10117248039457,0.11577458191372,-9.51134922875568,1.88205429305171e-21,1.00722486066232e-19
"204007_at",85.3630798184119,1.25960067737617,0.132454502904134,9.50968558832486,1.9123966136788e-21,1.02242209191532e-19
"235117_at",90.7891005625976,1.00235099957262,0.10570394809701,9.48262593420552,2.47963036247557e-21,1.30054385298943e-19
"204519_s_at",132.10713399305,1.24158921066817,0.130953129797655,9.4811724819913,2.51441718645389e-21,1.31747438501393e-19
"1552348_at",119.258040708454,-1.74922967039374,0.184544463153107,-9.47863534080944,2.5763015957793e-21,1.34855531936838e-19
"205501_at",19.3816681756418,1.4219412232396,0.150220870308853,9.46567025151766,2.91684341137188e-21,1.51924468425409e-19
"204891_s_at",130.385542352405,1.26398366361537,0.133582626306864,9.46218605338516,3.01571384950587e-21,1.56453924626783e-19
"207529_at",566.505143106965,-2.91839280244626,0.308435841646323,-9.46191203612686,3.02362873816704e-21,1.56555452911951e-19
"219386_s_at",71.5948950784842,1.17852838828719,0.124627289822169,9.45642314752122,3.1865727561818e-21,1.64183475125861e-19
"222449_at",805.780919434165,-1.12290169965265,0.119423805834789,-9.40266215603674,5.319968103361e-21,2.68574066958726e-19
"229891_x_at",98.8983000531334,-1.00353604443949,0.106771529876112,-9.39891041744832,5.51310027756226e-21,2.78057074843577e-19
"205625_s_at",101.218278852894,2.80477318030991,0.298519805745837,9.39560165297015,5.68917347118323e-21,2.86387761115482e-19
"203560_at",1045.91451031434,-1.06345376066921,0.113282298820182,-9.38764283338982,6.13579978449235e-21,3.07105544642106e-19
"217143_s_at",32.762830378166,1.07217164573336,0.114564589707588,9.35866526009429,8.07502986100988e-21,3.98848796349167e-19
"235501_at",209.54067162588,-1.07499971011616,0.115282925252077,-9.32488230816117,1.11106832850066e-20,5.41661270278512e-19
"236203_at",13.713595905003,1.34684156284443,0.144457921642425,9.32341783359067,1.12651706836823e-20,5.48175722324295e-19
"222257_s_at",231.942687324637,-1.58161217953815,0.170086320363476,-9.29887939346465,1.41933651629716e-20,6.83075194848727e-19
"203471_s_at",74.2771883798522,1.13071177409239,0.121743339066178,9.28766848983621,1.57704906647118e-20,7.54829113290767e-19
"235412_at",36.7470576414459,-1.19298657858704,0.129179623618666,-9.2350987343693,2.58047914933744e-20,1.19906720790699e-18
"204364_s_at",123.925393561794,-1.75588946880233,0.190581109985634,-9.21334474825279,3.16117759115345e-20,1.44967301156613e-18
"227450_at",127.160813447999,-1.72321919193711,0.187673127231776,-9.18202417871436,4.23062813459328e-20,1.90846721875893e-18
"222484_s_at",1269.7405842999,-1.46649627957487,0.160348675081805,-9.14567132423582,5.92606366092253e-20,2.6370732399333e-18
"235079_at",119.834090769786,-1.04508711842777,0.114298191938663,-9.14351400229146,6.04552665528114e-20,2.6856856115101e-18
"204890_s_at",78.5429179653721,1.04085887277856,0.113963169444673,9.13329172793743,6.64475058231085e-20,2.92959917871447e-18
"205067_at",278.549956995335,1.42181550752054,0.1564057460249,9.09055801117554,9.85320452117132e-20,4.23059894122253e-18
"205488_at",100.903142513134,1.42365010899167,0.157355745646856,9.04733477089984,1.46500337648715e-19,6.15441946026422e-18
"231426_at",22.5740016663366,-1.72729451548064,0.190932779639008,-9.04661063829056,1.47474773867323e-19,6.19040676183968e-18
"1570482_at",19.3273728592827,-1.16352747791904,0.128874620463814,-9.02836783325964,1.74251248138214e-19,7.25641845852275e-18
"202269_x_at",343.840372613396,1.01170552511147,0.112362045113491,9.00397927155567,2.17681265282125e-19,8.97256565932297e-18
"1559410_at",121.027905522024,-1.18087404894987,0.131259606003518,-8.99647717149337,2.33076482612468e-19,9.5770926248754e-18
"209426_s_at",237.635897546316,-1.05555034629252,0.117397397762655,-8.99125846406361,2.44415521810066e-19,9.99611932545229e-18
"205242_at",112.523664964927,1.91372319473299,0.212925150751619,8.98777428583523,2.52287509348192e-19,1.03100449193506e-17
"220051_at",27.4559296710751,1.35470852024641,0.151135032125141,8.96356391498099,3.1435025027238e-19,1.26884508854183e-17
"225502_at",52.9549102723063,1.03529752504531,0.11554305261352,8.96027499384391,3.23869685334353e-19,1.30426417188211e-17
"229450_at",253.402847909516,1.33989655885615,0.149559365422447,8.95896124640179,3.27751300276252e-19,1.31888528596617e-17
"213664_at",208.006545641664,1.24617508597603,0.139113464904367,8.95797604374756,3.30692317086745e-19,1.32970191523923e-17
"1555882_at",45.3611669601028,-1.13754880083802,0.127033598960669,-8.95470812560562,3.40635596918786e-19,1.36654680614274e-17
"219962_at",184.734474391292,-1.65227797269019,0.184607205760712,-8.950235533232,3.54724656091822e-19,1.42042752386232e-17
"232629_at",16.1014969653917,1.49296467396958,0.166828907000727,8.94907663671904,3.58468230945943e-19,1.43370923966005e-17
"1555759_a_at",261.608501602404,1.12697700193827,0.12606557830307,8.93960918680702,3.90549100119798e-19,1.55022034801328e-17
"209598_at",44.735591311481,1.50452543656909,0.168331060789352,8.93789553463239,3.96651791965132e-19,1.57325571886306e-17
"213537_at",80.5817733221668,1.31936952490078,0.147640496350214,8.93636608868569,4.02177989541369e-19,1.59397149791532e-17
"242907_at",106.429670375155,1.04239199282103,0.116662826512844,8.93508261353725,4.06874088956287e-19,1.61015518606993e-17
"206552_s_at",43.8878845541382,-2.08648133015282,0.233791130250517,-8.92455298846057,4.47502751721066e-19,1.76297298455389e-17
"213059_at",423.036814913176,1.13455412243604,0.12737191384522,8.90741206742584,5.22376062369566e-19,2.0411116417673e-17
"202410_x_at",144.697114407762,-1.96237388771081,0.220517660996955,-8.89894205679024,5.63815172726333e-19,2.19324519522278e-17
"205681_at",107.023669968056,1.47677879920211,0.166247058558112,8.88303716174262,6.50592176075829e-19,2.51221316836805e-17
"205626_s_at",85.2310602883647,2.54281033501657,0.287562392320729,8.84263868614808,9.34841532627707e-19,3.54983106255177e-17
"228969_at",772.401364445289,1.35428993679724,0.153427598249275,8.82689915146108,1.07617757004462e-18,4.05001755074973e-17
"242736_at",41.6892607938123,-1.15315960353955,0.130761595940729,-8.81879419751229,1.15698867469336e-18,4.33388330789984e-17
"228915_at",177.250790535862,-1.28783875359437,0.146296820017492,-8.80291692902409,1.33305233603545e-18,4.95104116381676e-17
"231941_s_at",264.11877693193,-1.10113987861068,0.125115994557123,-8.80095212853014,1.35660214263583e-18,5.03080415205093e-17
"207814_at",617.28500564633,-2.30301562687441,0.26181304902139,-8.79641269021029,1.41259382485697e-18,5.2206368404735e-17
"39402_at",276.821526856278,1.36155674123965,0.155033059597596,8.78236386983336,1.60074252109156e-18,5.84204322593375e-17
"206513_at",51.0334213176443,1.3333153386319,0.151855192172156,8.78017616361999,1.63218807332025e-18,5.94442217638754e-17
"210881_s_at",87.7662256402175,-1.87409492177621,0.213537841898715,-8.77640658495147,1.68780840783714e-18,6.12999882968023e-17
"243669_s_at",364.560233329294,-1.19890631955762,0.136705690485655,-8.76998108343873,1.78696304911232e-18,6.46777245751027e-17
"209457_at",181.030751049222,1.03940369499735,0.118660396412103,8.75948274593268,1.96148362167589e-18,7.06537424630258e-17
"206755_at",43.3645871976675,-1.32353959695281,0.151349227930627,-8.7449378833929,2.23138368995775e-18,7.99919088963435e-17
"244353_s_at",88.7767779186208,-1.19875185450244,0.137403756454678,-8.72430190726154,2.67827683407678e-18,9.52328557091144e-17
"226545_at",109.908075092939,1.47586478191334,0.169246866347515,8.720189707282,2.7773605807498e-18,9.84894790558198e-17
"242671_at",73.271335291965,-1.01973461789916,0.116980202795896,-8.71715549748506,2.85278221425677e-18,1.00823884659079e-16
"205220_at",103.950353104389,1.74376685025877,0.200474202342699,8.69821069185701,3.37158111892012e-18,1.17578018662062e-16
"229376_at",87.9138869780241,-1.1427502177283,0.13141199179605,-8.69593560001615,3.43983512891191e-18,1.19799267968745e-16
"205081_at",599.086264809552,1.18467570890536,0.136277260220648,8.69312831052835,3.52593787266131e-18,1.22716648317777e-16
"229441_at",102.477663464397,-1.0301670033113,0.118583464739228,-8.68727360578222,3.71241264698824e-18,1.28865346268045e-16
"209424_s_at",200.901570747364,-1.02444830816464,0.1181470328151,-8.67096095225601,4.28488646935872e-18,1.46893622642321e-16
"226029_at",55.9498845478407,-1.00380111083484,0.115917358350853,-8.65962721300623,4.73309567587111e-18,1.61521500097227e-16
"228656_at",172.346120516127,-1.25439911219308,0.145010607129985,-8.65039556084792,5.13212293511512e-18,1.74458983655912e-16
"231577_s_at",575.652868782469,1.02301910364023,0.118725344549876,8.61668675310069,6.89193460574103e-18,2.31060058810374e-16
"228617_at",264.956164416137,1.10699803020737,0.128879952734757,8.58937334098529,8.74449435168101e-18,2.89759240957279e-16
"216920_s_at",42.2313892045881,1.01490830414214,0.118451541816189,8.56813080337151,1.05178288410699e-17,3.44180558476703e-16
"206418_at",1224.97132442589,-1.31354174054341,0.153867186307382,-8.53685423167048,1.37925375966872e-17,4.46888422229531e-16
"201116_s_at",193.939559240488,-1.299719572756,0.152307748174005,-8.53350921629496,1.41974138923238e-17,4.59099088101983e-16
"228708_at",253.795401587444,1.34672218510568,0.157856389377728,8.53131248227881,1.44696606975495e-17,4.66813105155933e-16
"231250_at",118.495062344964,-1.12189070996633,0.131581815265305,-8.52618355890817,1.5125518053754e-17,4.85587340132551e-16
"205483_s_at",670.282186195365,1.07896121147743,0.12679562620903,8.50945134100052,1.74758312686189e-17,5.57973776726002e-16
"219434_at",77.5308373745773,1.28274732675848,0.151034535500669,8.49307294193519,2.01243906300479e-17,6.40204131459769e-16
"208937_s_at",2231.2536428459,-1.16263371267731,0.137142604587634,-8.47755310009725,2.29979408893641e-17,7.27216477436607e-16
"238632_at",52.1695643321633,-1.03695004818582,0.122679322983973,-8.45252503000271,2.85069417471272e-17,8.91227731456587e-16
"206569_at",46.9059687081983,1.29522061663212,0.15338412602131,8.44429374948596,3.05889120273126e-17,9.52351707750822e-16
"211419_s_at",63.2987584392543,-1.07649741245042,0.127835328020396,-8.42096961083139,3.73381119922811e-17,1.14484663806438e-15
"229963_at",76.8378671614138,1.43289427708141,0.17019262011162,8.41925035375599,3.78900938269698e-17,1.16041724416234e-15
"238127_at",70.2261640671228,-1.16410143662415,0.138694111766712,-8.39330106949462,4.72679123285214e-17,1.42929681502481e-15
"203697_at",107.773421923387,-1.22693492267816,0.146291018831365,-8.38694632438438,4.98932664054141e-17,1.50608312617469e-15
"201641_at",327.996855846408,1.18510263434508,0.141342756511804,8.38460111853066,5.0898051474162e-17,1.53465071553248e-15
"229391_s_at",118.103011404327,1.0457597767028,0.124771975662593,8.38136745971492,5.23162915004714e-17,1.57560480430703e-15
"205174_s_at",205.612749737041,-1.25186276635398,0.149553816937318,-8.370650726211,5.7300916612674e-17,1.71589308926637e-15
"228649_at",132.434289647111,-1.05615183601121,0.126798052996769,-8.32940105190831,8.12523746780797e-17,2.38955640673296e-15
"220736_at",29.0573889163263,-1.15549141200389,0.138811315869786,-8.32418743935699,8.49091592712193e-17,2.49291394208919e-15
"204042_at",69.0750630450855,-1.52025122197451,0.182842015515225,-8.31456171433378,9.2091970887373e-17,2.68430473544925e-15
"223500_at",26.2842900793482,1.00755545462043,0.121305706016767,8.3059197106619,9.90491976229051e-17,2.87751881253408e-15
"205278_at",16.3171793769111,1.09074427316324,0.131635824483788,8.28607468704369,1.1704729821275e-16,3.37643605002695e-15
"1554899_s_at",153.28117937994,1.17945568396806,0.142467740623004,8.27875615076345,1.24468519649676e-16,3.57253882122834e-15
"215078_at",18.0250548239312,1.23029936361082,0.148660063760222,8.27592382575059,1.27463467748338e-16,3.65252750871346e-15
"226766_at",25.4182389625358,-1.13322089996784,0.137186060338039,-8.2604668227623,1.45103850512347e-16,4.13770361357888e-15
"203698_s_at",134.195520889481,-1.18542696883424,0.143808971770765,-8.24306685624479,1.67851721073353e-16,4.74772839036007e-15
"203423_at",219.31370240678,-1.49626379019787,0.182034984935393,-8.21964959498809,2.04098629609348e-16,5.72369230549076e-15
"223949_at",46.1143447618753,1.2978063560847,0.157895537805593,8.21939856009489,2.04526272779222e-16,5.72957022368828e-15
"219718_at",264.571256886504,-1.40050034253588,0.170445358993604,-8.21671150687323,2.09159417899434e-16,5.85000747646986e-15
"227510_x_at",156.674929898909,-1.26273844315078,0.153954612034992,-8.2020176366251,2.36385606843943e-16,6.58347068472526e-15
"205472_s_at",76.4460219752182,-1.10455452619689,0.134687650533938,-8.200859706277,2.38673942652696e-16,6.63665099585703e-15
"213432_at",352.060619134224,1.54863755493649,0.188853833274529,8.20019127006706,2.40004852527664e-16,6.67012957151711e-15
"203915_at",282.86017452417,1.52209203049181,0.185733414906734,8.19503604806993,2.50518074260656e-16,6.94394877357306e-15
"201926_s_at",924.419445678245,1.02444890541494,0.125152024159602,8.18563592793747,2.7086945984086e-16,7.48437097396243e-15
"214511_x_at",49.3879331179058,1.09242434754539,0.133513467488845,8.18212850053243,2.78873429674362e-16,7.673253519951e-15
"213568_at",33.9828021102099,1.01970081323393,0.124742074495553,8.1744737479918,2.9716001875973e-16,8.15080773794302e-15
"242625_at",86.4381669002561,1.48970934267868,0.182376154699835,8.16833398604403,3.12677290962202e-16,8.55410845873375e-15
"220180_at",105.770824013676,1.00471410160828,0.123116312869753,8.16069031137392,3.33115252476242e-16,9.08958410105733e-15
"238029_s_at",74.5321084583742,1.12784392935365,0.138313160924142,8.15427774058476,3.51272772017369e-16,9.53553164287232e-15
"217388_s_at",83.3666880451673,1.26053312246707,0.154725254927207,8.14691255839332,3.73333435110902e-16,1.00926776485691e-14
"201564_s_at",116.35798986815,1.05933187330946,0.130118240970682,8.14130182983454,3.91050181435899e-16,1.05445106388826e-14
"1554679_a_at",572.95818356486,-1.08313281931792,0.133116771473803,-8.13671190584034,4.06157652295307e-16,1.09182656054873e-14
"226757_at",104.652368375834,1.04335444133671,0.128288875163637,8.13285204976564,4.19306268002378e-16,1.12487093458892e-14
"220088_at",109.755601374195,1.01470122515901,0.124833573942525,8.12843206448768,4.34878732751866e-16,1.16367703263959e-14
"1555950_a_at",1081.91876509732,1.00276449579868,0.123372946445917,8.12791235587668,4.36746805059084e-16,1.16748685620931e-14
"1553970_s_at",462.846011652196,-2.10699782608887,0.259863320419941,-8.1081001454301,5.14173527535014e-16,1.35924927394744e-14
"202859_x_at",1215.76346760838,1.37969968428523,0.170406360640493,8.09652690838219,5.65504731798318e-16,1.48672014381835e-14
"201925_s_at",680.569308240793,1.01777883908848,0.126711972074749,8.03222317847033,9.57220385206524e-16,2.44084231558193e-14
"205910_s_at",433.905883430175,-2.06376712498074,0.257458007852248,-8.01593682090913,1.09300682362564e-15,2.77631129090487e-14
"201496_x_at",242.425589547742,-1.72294440241388,0.21501640918667,-8.01308332201792,1.11867794234074e-15,2.83397767643413e-14
"211991_s_at",906.50845134274,1.07161958270371,0.133862236962277,8.00539126658777,1.19087416541002e-15,3.01035117311006e-14
"222938_x_at",169.458234296185,-1.19860666605158,0.14974486323893,-8.00432575866792,1.20123009981689e-15,3.03361108437178e-14
"1552349_a_at",32.8229095763296,-1.3372137533851,0.16737209854224,-7.98946637481292,1.35524083967295e-15,3.39968148392231e-14
"230333_at",682.576627388769,-1.0259047844064,0.128611942313844,-7.9767459067133,1.50241673889934e-15,3.74031308839962e-14
"228133_s_at",87.91451667173,-1.60660176436532,0.202902526278449,-7.9180964073386,2.4117434100668e-15,5.84895076938859e-14
"209949_at",75.8954643942995,1.05780627223252,0.133704796905627,7.91150577027653,2.54294152171582e-15,6.15293502450522e-14
"217028_at",590.652405117402,1.06425795076404,0.134700962918418,7.90089341386969,2.76911372753108e-15,6.67866006593245e-14
"209583_s_at",126.738244303532,1.01881888599014,0.129104421536822,7.89143294909977,2.98736321174503e-15,7.16885325251362e-14
"214079_at",25.0384648032902,1.51420272871845,0.19226525621122,7.87559207813902,3.39133009419835e-15,8.08290076056689e-14
"1559827_at",56.821014143657,1.16319188847924,0.147782345918065,7.87097999597428,3.51873904563508e-15,8.3600276584225e-14
"204537_s_at",122.11355834499,-1.01168807310461,0.129012870950725,-7.8417607921539,4.44272086851987e-15,1.03724012671787e-13
"219890_at",18.640777148698,1.06686450100417,0.13634763616719,7.82459110399223,5.09309586770485e-15,1.17913022128353e-13
"204475_at",1054.8537324896,1.67262665717515,0.213934332785851,7.81841154430064,5.34940552884082e-15,1.23357901782668e-13
"212998_x_at",388.388431451383,1.10753997214308,0.141957280333626,7.80192442078457,6.0970160993833e-15,1.39193129490439e-13
"208121_s_at",266.484445303292,-1.49070756822359,0.191075012978779,-7.8016876460406,6.10846908505582e-15,1.39394044418595e-13
"206666_at",52.1877620923088,1.03651261003681,0.132889216625076,7.79982481920375,6.19931728076018e-15,1.41221898731283e-13
"204972_at",133.08024777449,1.20408370978938,0.154491521407022,7.79384977779529,6.49978162146105e-15,1.47618635840218e-13
"211654_x_at",358.362662463709,1.0128072686925,0.130419191684336,7.76578397406322,8.11417480683371e-15,1.81692519300528e-13
"202965_s_at",46.4998232048428,-1.49609289682932,0.193622476811231,-7.72685548428303,1.10235669448083e-14,2.43212652064424e-13
"201117_s_at",152.056347551226,-1.29265711938981,0.167932484451894,-7.69748106573213,1.38774644935105e-14,3.02872204730877e-13
"205043_at",872.206469420641,-1.04054128080546,0.13546914164006,-7.68102069746753,1.57825975718163e-14,3.41754690065609e-13
"219410_at",135.148308576551,1.19131579662389,0.155168708035137,7.67755181897966,1.6215766042142e-14,3.50412569316913e-13
"202086_at",431.895852685307,1.19583351707384,0.15602626402456,7.66430911199413,1.79796395872109e-14,3.86147110284545e-13
"214598_at",42.0026596771098,-1.87963562891805,0.245672192570837,-7.65099057100683,1.99436967454135e-14,4.25546503759019e-13
"211506_s_at",552.501975019588,1.61251593801802,0.210776523434721,7.65035835937122,2.00419988109827e-14,4.27470456782625e-13
"212999_x_at",119.497848802098,1.07078819188926,0.139973337246699,7.64994400327851,2.01066851061391e-14,4.28502323223047e-13
"204580_at",1427.03388786226,1.08153936703588,0.14143086209861,7.64712419190234,2.05523811332591e-14,4.37114463001739e-13
"221031_s_at",210.467864838403,-1.25846601157747,0.164715676245855,-7.64023218833817,2.16830361365859e-14,4.60230323554982e-13
"215702_s_at",120.774320401255,-1.07813922917369,0.141275474019132,-7.63146778773283,2.32095838385952e-14,4.9045294292462e-13
"210889_s_at",58.0824526409025,1.12075392752016,0.146991652999323,7.62460932067568,2.44774555882072e-14,5.1524334229449e-13
"221795_at",31.4950483165796,-1.50772806008211,0.197764152405141,-7.62386935016089,2.46182539326355e-14,5.17929430414622e-13
"1554018_at",16.2655821153513,1.07063967048447,0.140501780921617,7.62011458831089,2.53450621571699e-14,5.32367864351682e-13
"214453_s_at",112.796309397289,1.23377577480979,0.162183251211223,7.60729462256838,2.7989278436267e-14,5.83941460476211e-13
"1554997_a_at",52.6845112980328,1.40166533798089,0.185234272922901,7.56698701521774,3.81980064358638e-14,7.83857098879496e-13
"241365_at",30.0443224538978,-1.00881917623011,0.133491509288548,-7.55717859215679,4.1190623630155e-14,8.39043424131459e-13
"214476_at",145.762569296633,1.57957081045457,0.209058629294336,7.5556355448532,4.16819486900033e-14,8.46427021427525e-13
"207847_s_at",469.522755663329,1.13645711130114,0.150449712576645,7.55373401409578,4.22953513911204e-14,8.57557830636165e-13
"1567628_at",218.018646767738,1.01101474957374,0.133847730851334,7.5534694771679,4.23813869870165e-14,8.58970849099756e-13
"230720_at",17.8673725209886,-1.26114294990284,0.167424228162792,-7.53261916594645,4.9732502843282e-14,9.97954163583751e-13
"229400_at",65.068346896023,-1.31161651117444,0.174641561851626,-7.51033429424308,5.89765643366397e-14,1.1696054196784e-12
"205207_at",133.746002958773,1.24428680206612,0.165748438765384,7.50708007468719,6.04607479827956e-14,1.19858700471062e-12
"205848_at",31.089303169239,-1.02108823642729,0.136436169417966,-7.48399959324008,7.20941783980934e-14,1.41427303155409e-12
"206502_s_at",20.195619076473,1.20994809012886,0.161976424711301,7.46990243972487,8.02542994086987e-14,1.56384295555237e-12
"229623_at",59.4085456850376,-1.09000337588362,0.146124365483037,-7.45942247400321,8.69025435244009e-14,1.68216437288448e-12
"205041_s_at",22.8852438988627,-1.65849010519848,0.222618122237615,-7.44993304466139,9.33876143705012e-14,1.80040083845463e-12
"202917_s_at",493.942257744748,1.35039780916515,0.182228294900941,7.41047272543061,1.25850003229437e-13,2.38855943290713e-12
"204646_at",97.33605462424,1.07089430309442,0.144722751213159,7.39962648662701,1.36568084587354e-13,2.5786984746112e-12
"206026_s_at",81.2646292069167,1.2690810547607,0.171524739025283,7.39882224553999,1.37397623223105e-13,2.59181431832988e-12
"206239_s_at",3052.55536887946,-1.16067121379412,0.157429853908778,-7.37262460058347,1.67301102366312e-13,3.12338974556275e-12
"1555019_at",63.5366460708484,-1.29144233338987,0.175384253630723,-7.36350217682052,1.79146874385441e-13,3.33506370402142e-12
"204365_s_at",65.4745233686548,-1.09657303864436,0.149225973154706,-7.34840601446451,2.00584428564108e-13,3.70918862025268e-12
"231341_at",111.753748293671,-1.69414317565371,0.230586134677106,-7.34711641715164,2.02528464131699e-13,3.7438202265133e-12
"32128_at",512.804849019723,1.4244920627436,0.194357953695956,7.32921928665708,2.31497329913928e-13,4.23906295341345e-12
"204614_at",27.8861029975698,1.51834567969376,0.207625758373906,7.31289649022942,2.61444414564178e-13,4.75324125507552e-12
"209924_at",334.548391269441,1.27443600655365,0.174549442219415,7.30128948193166,2.85022765981183e-13,5.14391704786233e-12
"235147_at",203.055122342498,-1.04044819562646,0.14326184837787,-7.26256297407354,3.79823583146794e-13,6.74138756794887e-12
"209460_at",187.433015102469,-1.0006348945522,0.138506587938057,-7.22445704170912,5.03107865824289e-13,8.79160699170488e-12
"233604_at",48.7880275005514,-1.1371546870937,0.157897656203952,-7.20184652788555,5.94025336559778e-13,1.02759735146684e-11
"210163_at",68.2272416054589,1.67163831278894,0.232254330828673,7.19744732778333,6.13502361087091e-13,1.05989490744809e-11
"1552511_a_at",17.0974160852883,-1.15462111954924,0.161083968498986,-7.16782141828414,7.62006101197588e-13,1.29768206877311e-11
"205499_at",172.516450593197,-1.06233694548397,0.149023336227849,-7.12866167389859,1.01349507352206e-12,1.69250778817534e-11
"211122_s_at",204.110857722561,1.68161297706849,0.237764695773655,7.07259322750481,1.52064754104147e-12,2.48727391446914e-11
"219772_s_at",21.6069763704654,-1.13630873520025,0.161085410374597,-7.05407604920778,1.73751337851687e-12,2.81918116994676e-11
"220110_s_at",24.2624560646,1.14820436339216,0.163042431464124,7.0423653099458,1.89003507105005e-12,3.04037046599218e-11
"207003_at",354.685757439622,-1.61555749055808,0.230282700726163,-7.01553996658738,2.29062575148482e-12,3.64682053146118e-11
"203645_s_at",203.728365621574,1.06120456222292,0.151653764933945,6.99754841355337,2.6048006790505e-12,4.11955145611857e-11
"205950_s_at",746.022227549528,-1.99126798423915,0.284722688784735,-6.99371024043909,2.67710188799339e-12,4.22246136319342e-11
"225721_at",267.242815815727,-1.21285856940701,0.173517482314811,-6.98983499084276,2.75209735294848e-12,4.33035102655253e-11
"225720_at",132.177958796703,-1.48148546143934,0.212608400730349,-6.96814169313238,3.21154693754881e-12,5.00532733558541e-11
"207412_x_at",124.24211304147,-1.2748407383509,0.182962858502619,-6.96775700152635,3.22033819462919e-12,5.01605374868234e-11
"215049_x_at",210.080655005485,1.0513082911964,0.151130802396838,6.95628074835389,3.49373296557195e-12,5.41142476488854e-11
"226702_at",206.425760634962,1.00654447065991,0.144743162766289,6.95400357034576,3.55062616018128e-12,5.49630654557193e-11
"244056_at",34.693928802542,-1.18653300732575,0.170744989251942,-6.94915272491518,3.67486549140478e-12,5.67859103308694e-11
"223761_at",27.9544132421488,-1.0488091873532,0.151104090104269,-6.94097152915893,3.89412496357883e-12,5.98572223854699e-11
"209016_s_at",64.4239271824518,1.05335911490844,0.151796678442235,6.93927644345188,3.94113251425622e-12,6.05266739199945e-11
"201495_x_at",51.6405960276202,-1.10096640518507,0.159074062434166,-6.92109315835642,4.481716287744e-12,6.83692649596802e-11
"220723_s_at",35.9816097452689,-1.11197615377523,0.16113988555949,-6.90068849133384,5.17511034659627e-12,7.8333165079211e-11
"208473_s_at",59.9669968562297,1.14438266982975,0.165899876252239,6.89803208828075,5.27278384160254e-12,7.96510152375913e-11
"210445_at",165.883691639386,-1.05970945749885,0.153758080061532,-6.89205703579783,5.49913149814815e-12,8.2832145816474e-11
"205719_s_at",28.3936806659428,-1.38416721977207,0.200952039696689,-6.88804762500193,5.65632768608039e-12,8.51023891251843e-11
"205890_s_at",886.593554860402,1.18584442151871,0.172177355757999,6.88734250969363,5.68442475110318e-12,8.54761826522107e-11
"220786_s_at",11.8018838866719,-1.1165110486478,0.162368036476584,-6.87642144892738,6.13747518781492e-12,9.1763547943222e-11
"225894_at",68.0398495542847,-1.32230204493451,0.193071463096768,-6.84877000321777,7.44876400178585e-12,1.0980710893404e-10
"206025_s_at",118.014339681572,1.11312308904243,0.162907345086163,6.83286004356458,8.3238156759465e-12,1.21513835842692e-10
"203649_s_at",1969.85773658865,1.48340093418388,0.217212362349678,6.82926569251082,8.53503728281505e-12,1.24252174338244e-10
"209459_s_at",165.160247039858,-1.09036483825516,0.160983678629257,-6.7731390383137,1.26017735899061e-11,1.78079610910591e-10
"221796_at",36.5173813678659,-1.41627670543252,0.209118631428065,-6.77259934115294,1.2648889213969e-11,1.78648138605463e-10
"205498_at",32.4954557033116,-1.18435037756456,0.174957895140814,-6.7693451422203,1.29366596726991e-11,1.82222785429919e-10
"206307_s_at",44.3740577620971,1.15205144328696,0.170293121428947,6.76510850009668,1.33209332898908e-11,1.87134009119732e-10
"205828_at",724.394849346231,1.3980833011129,0.209033410945955,6.68832458307045,2.25740018216872e-11,3.05840188640617e-10
"224412_s_at",62.0184738955516,-1.38613345647943,0.207509563951865,-6.67985335269156,2.39181468899166e-11,3.22719972182972e-10
"212730_at",240.895540797751,-1.49173532750391,0.224674419711003,-6.63954236277866,3.14658560739483e-11,4.17590050532898e-10
"204748_at",157.134219557011,1.31821291981651,0.199077685930114,6.62160057596443,3.55330126660931e-11,4.68372698182557e-10
"202888_s_at",277.267690217405,1.44217521731017,0.218495456822645,6.60048148498023,4.09824570214844e-11,5.33208809743885e-10
"225895_at",374.243957293373,-1.40383644628895,0.213397559244904,-6.5785028247575,4.75208846998416e-11,6.1196093470117e-10
"232277_at",33.6066041640641,1.0532638526599,0.160138364903821,6.57721123412549,4.7935356798169e-11,6.16543010565583e-10
"221872_at",330.19283906506,1.17610235466294,0.179315013955433,6.55886157394078,5.42201035795797e-11,6.91286589888702e-10
"236028_at",15.8222615521883,1.02162813753956,0.155838270441165,6.55569478952387,5.5383402831171e-11,7.0560469148833e-10
"209792_s_at",415.441183201972,1.44495109225645,0.220417725022266,6.55551223074498,5.5451203906074e-11,7.06126137649579e-10
"221133_s_at",21.8901284477214,1.0152931495427,0.154957177153366,6.55208857178541,5.6737870674643e-11,7.21221197353567e-10
"223748_at",76.4805461804819,1.03056211465984,0.157558161880022,6.54083611006197,6.11758431819151e-11,7.74334119119067e-10
"206422_at",39.4560878743418,-1.52255789933332,0.232792174949613,-6.54041700354778,6.13475351538352e-11,7.76133452690095e-10
"220724_at",20.3184882325919,-1.05515530428928,0.162334026703173,-6.49990224303759,8.03722218121581e-11,9.9408843142296e-10
"231009_at",52.042511959866,-1.04295431519675,0.161927391288639,-6.44087641316759,1.18785569205923e-10,1.43633038434774e-09
"205825_at",180.190532961671,-1.71158531787942,0.266862138196203,-6.41374355106541,1.41988983883733e-10,1.6982451203973e-09
"209480_at",87.0444345388388,1.34189983110612,0.209543163790708,6.40393037324953,1.51427188972689e-10,1.80374081805773e-09
"219607_s_at",119.718822539863,1.05701707589786,0.165549147308846,6.38491404565135,1.71493767781335e-10,2.02644223865941e-09
"205328_at",22.6438766614657,-1.09082634567103,0.171580932507289,-6.35750330605464,2.05059259644178e-10,2.39535104052903e-09
"218804_at",84.8425690851634,1.08134850877024,0.172302347936963,6.27587796520247,3.47666800238434e-10,3.92087575530701e-09
"205983_at",413.211214828647,-1.11617100397432,0.178419356155782,-6.25588516864597,3.95267513706273e-10,4.41788364851541e-09
"225016_at",610.522164097733,-1.17855952999719,0.188617460374851,-6.24841161393524,4.14647756287223e-10,4.62367879989788e-09
"214043_at",166.821150132674,-1.02582042281002,0.165546197641327,-6.19658099929646,5.77028408552266e-10,6.29675061940527e-09
"226517_at",130.638120472968,1.00830443121716,0.163067745210754,6.18334686552507,6.27566099992063e-10,6.81287106361968e-09
"230830_at",77.731093042378,-1.03599112133437,0.167988150000979,-6.16704881462371,6.95762840274274e-10,7.49746161734144e-09
"204439_at",137.185344374446,1.29719563179493,0.211042138262552,6.14661907083753,7.9151909839755e-10,8.48236025635907e-09
"237732_at",16.5023823101484,-1.00233610376452,0.163455286816845,-6.13217304428741,8.66867365932018e-10,9.23147873337209e-09
"202222_s_at",227.941029203549,-1.29490485521642,0.211182228883997,-6.13169423421381,8.69480939556433e-10,9.25556031951566e-09
"213831_at",268.14357338873,1.40860448539479,0.2316960647804,6.07953564826339,1.20531084365219e-09,1.25259849866121e-08
"204006_s_at",106.342097483959,1.04287399827271,0.172441097548248,6.04771143944336,1.4691778876049e-09,1.50744191146404e-08
"238017_at",215.724898770279,1.19798637085231,0.198753186674761,6.027507739097,1.66507280355448e-09,1.69520023475401e-08
"213479_at",179.324995629455,-1.4799441246772,0.246034508617634,-6.0151892228143,1.79676694794381e-09,1.82221710116246e-08
"207080_s_at",39.0161530080112,-1.23218304474978,0.206424209245423,-5.96917895073445,2.38450468174496e-09,2.36935638200841e-08
"227812_at",28.3041366184624,-1.06459142777187,0.179566195937935,-5.92868508580439,3.05370082224294e-09,2.98131512190518e-08
"230563_at",36.4386208162602,1.08822186611161,0.184086770098514,5.91146156526753,3.39085391668851e-09,3.28787706158022e-08
"206392_s_at",321.703646962828,1.03282607593156,0.176061501020641,5.8662800779511,4.45680724119206e-09,4.23806092463336e-08
"205767_at",301.396533622675,-1.2564957170335,0.216089412168048,-5.81470283262354,6.07416940348627e-09,5.65895938363441e-08
"223447_at",2396.61777863736,1.53411690765157,0.264932640589958,5.79059229634885,7.01386428477259e-09,6.46905271361774e-08
"229725_at",60.4401386468786,-1.17487083488799,0.204384061155883,-5.7483486150709,9.01192816081737e-09,8.16433153876222e-08
"205267_at",157.564778358549,1.01451344217142,0.177046448139361,5.73021064716788,1.00305993774449e-08,9.02496352820131e-08
"229659_s_at",3050.10543563118,-1.16071795923967,0.203331366287665,-5.70850420390888,1.13973363496435e-08,1.01883928307393e-07
"219669_at",157.186060949309,-1.21733650580755,0.214730043272426,-5.66914851436566,1.43508931592722e-08,1.26119872757925e-07
"209875_s_at",1168.39614295517,1.26506449149159,0.223243916209186,5.66673669308951,1.45542734392445e-08,1.27800382009366e-07
"205433_at",15.7572484359675,-1.09310954063865,0.19308403326991,-5.66131503535872,1.50217361950838e-08,1.31773046903093e-07
"223970_at",139.357231963034,-1.28651810024911,0.228304571046277,-5.63509567221209,1.74961178037517e-08,1.51706149984881e-07
"227826_s_at",78.7930461315599,-1.23693849148219,0.221512029288321,-5.58406916074155,2.34955198971289e-08,1.98837931187393e-07
"209613_s_at",48.9791139535721,-1.36107035018063,0.244420817875294,-5.56855329268665,2.56863069489575e-08,2.16021471498722e-07
"206032_at",33.4099016765986,-1.11948783805565,0.201110559872992,-5.56652936953009,2.59862999522365e-08,2.1836968463221e-07
"39248_at",371.166401801928,1.1230020592325,0.201926328657752,5.56144444707796,2.67550849783207e-08,2.24506903393049e-07
"205844_at",66.0135503522104,1.17596725466335,0.211856609381763,5.55076973097529,2.84414511059421e-08,2.37708654806247e-07
"214974_x_at",310.421495210073,1.42678298790401,0.257334270021897,5.54447329453089,2.94840327596373e-08,2.45602133087649e-07
"205675_at",20.4901756539197,-1.11240323213046,0.201410604700415,-5.52306187544139,3.33142346683359e-08,2.75542380982015e-07
"210143_at",30.2594010455787,1.08754386390463,0.198436983517425,5.4805502715633,4.24005014961059e-08,3.45421788191962e-07
"204607_at",940.471835234449,-1.10799305987096,0.203318824662397,-5.44953504286059,5.05016723187807e-08,4.06194202519505e-07
"1554436_a_at",1662.249533224,1.51405156090147,0.278174668712067,5.44280889382,5.24469047056988e-08,4.20615692034686e-07
"219759_at",197.063042599121,1.02948318386663,0.18956320367198,5.43081760555202,5.60964462508052e-08,4.46883831478675e-07
"238984_at",72.9053775407736,1.30401695960164,0.241020617806751,5.4103958884015,6.28855742129647e-08,4.97499392923099e-07
"209469_at",19.6244449924133,-1.01095836426177,0.187447581459022,-5.39328571962808,6.91808144984357e-08,5.42646048529969e-07
"230784_at",724.272118401015,-1.52952494647181,0.284669435736337,-5.37298618840299,7.74432629570648e-08,6.02956035769716e-07
"204259_at",532.190418974942,-1.04990570698294,0.196745129467426,-5.33637457671738,9.48234103180209e-08,7.27283932553016e-07
"227827_at",56.7868813673709,-1.13131965995165,0.21267797865828,-5.31940197611806,1.04108886382536e-07,7.92258675781608e-07
"214135_at",162.255928188582,1.23955445400593,0.234077304749839,5.29549182621807,1.18696503582601e-07,8.93053120870441e-07
"206208_at",149.264041795933,-1.07199136742083,0.202550354573304,-5.29246848112954,1.20676273091607e-07,9.06780219624868e-07
"209612_s_at",75.6758373015392,-1.25297770098493,0.237411739301296,-5.27765688702865,1.30846167689934e-07,9.76207526876503e-07
"206033_s_at",27.3880763210402,-1.01186268244784,0.196182372573853,-5.15776554831357,2.4991427215138e-07,1.77270814666536e-06
"203980_at",66.4387061261085,-1.12014328895246,0.218445121411685,-5.12780180996315,2.93144800788761e-07,2.054124248087e-06
"235976_at",24.007648855292,-1.12997068963747,0.227270866190071,-4.97191174821527,6.62958846042226e-07,4.36223102477816e-06
"215657_at",66.464210031128,-1.10473581800414,0.224842408497949,-4.91337833189161,8.95202941333953e-07,5.72829604028547e-06
"219948_x_at",47.0980234981939,-1.07146084902894,0.225156762791115,-4.75873269692978,1.94812217377887e-06,1.1735627317833e-05
"214146_s_at",92.3561583497646,-1.26249104283496,0.271013043538132,-4.65841431966843,3.18654381413407e-06,1.8453512243306e-05
"1555745_a_at",851.723568470708,1.04704969242969,0.226298124414881,4.6268597900975,3.71251660281024e-06,2.12512359812754e-05
"232578_at",26.5626352488328,1.16076445468452,0.254477653518031,4.5613610414805,5.0823105598143e-06,2.83180395632401e-05
"223969_s_at",340.835971346372,-1.06583170780362,0.234401988995075,-4.54702501618283,5.44095331927639e-06,3.01460995768866e-05
"205886_at",808.818280435347,1.43042850886288,0.315328909469833,4.53630626912034,5.72480277851727e-06,3.15500508832002e-05
"219764_at",78.0522679476662,-1.12304139132417,0.255236487633153,-4.40000331354776,1.08249225204727e-05,5.6589374131197e-05
"223642_at",75.6273258432009,1.0039607122499,0.242343615332032,4.1427157504207,3.43217233094577e-05,0.000161683743887167
"209752_at",1638.21865810188,1.14239136066534,0.299326608235618,3.81653795297107,0.000135337265928325,0.000557888044050294
"232252_at",181.497178674152,-1.05991931997411,0.281674957818094,-3.76291640614574,0.000167943350646957,0.000678825938309504
