"Rank","Symbol","log2FoldChange_median","padj_best","probe_selected","n_probes","ProbeIDs"
1,"KISS1R",-1.93538258061851,1.30654392427095e-199,"213048_s_at",1,"213048_s_at"
2,"CAB39L",1.0251531142131,4.53331337641905e-121,"215505_s_at",3,"215505_s_at;230085_at;220104_at"
3,"JAK2",1.15244521012385,2.98871866654655e-120,"219112_at",2,"219112_at;238327_at"
4,"C3orf85",1.17185516937173,5.57631838313408e-117,"1554047_at",1,"1554047_at"
5,"HLA-DQA1",0.02649553195272,1.0577612035469e-111,"223674_s_at",2,"223674_s_at;205719_s_at"
6,"CES1",1.97028786308924,1.9010908050941e-107,"202072_at",1,"202072_at"
7,"ANP32E",1.4112082401073,7.64882550950481e-104,"1555247_a_at",2,"1555247_a_at;206513_at"
8,"HCAR3",1.76437729603853,4.92134113976181e-100,"35201_at",1,"35201_at"
9,"ETV5",1.15959339537564,3.5534091550829e-98,"219921_s_at",1,"219921_s_at"
10,"OSR2",1.04697465528161,5.1427564109235e-98,"222110_at",1,"222110_at"
11,"SESTD1",1.07363047426706,3.12495639338397e-95,"243259_at",1,"243259_at"
12,"STRN3",-2.08633311202132,1.31062249416527e-94,"230958_s_at",1,"230958_s_at"
13,"GBP1",-1.039218330736,5.32046428824207e-90,"213788_s_at",3,"213788_s_at;203932_at;208744_x_at"
14,"CTNNB1",1.69731942108682,9.51495558069421e-90,"238353_at",1,"238353_at"
15,"CEL",-2.13290298197338,8.42395344784532e-80,"228834_at",2,"228834_at;206552_s_at"
16,"CXCL5",1.47196356843527,4.38737291624465e-79,"242594_at",1,"242594_at"
17,"CALHM6",-0.14300809709469,1.77411710145998e-73,"226400_at",2,"226400_at;217143_s_at"
18,"KLK10",-1.48891777959418,3.25584414767674e-67,"230689_at",1,"230689_at"
19,"RNF43",-1.20885173216153,7.5764172543858e-65,"222244_s_at",1,"222244_s_at"
20,"CRIPTO3",1.78346378207408,4.12401391575894e-64,"219403_s_at",1,"219403_s_at"
21,"MALAT1",1.28471048901167,4.18975774465073e-64,"222881_at",1,"222881_at"
22,"ANPEP",-1.48715410781284,4.69539969435211e-62,"235589_s_at",1,"235589_s_at"
23,"MIR224",-1.03873105132805,1.08573320757439e-61,"212229_s_at",1,"212229_s_at"
24,"RNF24",-1.09437176367574,3.80447606952719e-61,"211769_x_at",1,"211769_x_at"
25,"TFAP2A",-1.87734093105375,1.10089598761357e-60,"230291_s_at",1,"230291_s_at"
26,"RUBCNL",-1.7493258866881,1.51254462347549e-60,"244187_at",2,"244187_at;1552348_at"
27,"CD55",-1.02582042281002,3.63590797684349e-59,"221473_x_at",3,"221473_x_at;217544_at;214043_at"
28,"SRSF6",2.40700125909245,5.23784259256428e-56,"206108_s_at",1,"206108_s_at"
29,"CHAC2",-1.02552103636832,3.41456380521682e-55,"228443_s_at",1,"228443_s_at"
30,"MICB",1.25465550902341,2.60934563930815e-54,"220553_s_at",1,"220553_s_at"
31,"REG1A",1.17370650581433,3.52572742275792e-52,"225187_at",1,"225187_at"
32,"MUC1",1.16720024219244,6.05636840134705e-52,"31874_at",1,"31874_at"
33,"CLEC5A",1.09098428215278,9.58846187987809e-52,"241813_at",1,"241813_at"
34,"COL9A3",-1.62428516458216,7.6463667364706e-51,"227556_at",1,"227556_at"
35,"QPRT",-1.72690809864668,2.20677907018488e-50,"242277_at",2,"242277_at;218807_at"
36,"FABP6",1.0859889198883,4.21505268111276e-50,"208156_x_at",1,"208156_x_at"
37,"HLA-DMB",1.07880970949278,4.21505268111276e-50,"213038_at",1,"213038_at"
38,"TMPRSS3",-1.45792802875068,4.34096935846223e-49,"226085_at",2,"226085_at;206755_at"
39,"SERPINB2",1.56884202852865,9.26335696920663e-49,"235059_at",1,"235059_at"
40,"APCDD1",1.20420331447494,1.86847268756617e-48,"205841_at",1,"205841_at"
41,"PRPF38B",1.0677541468489,2.79763424160114e-47,"219624_at",1,"219624_at"
42,"LINC01003",-1.11996893516824,8.44061697929385e-47,"214718_at",1,"214718_at"
43,"RPL22L1",1.38543499587664,1.29684501123673e-46,"227014_at",1,"227014_at"
44,"A1CF",-1.46684923170413,3.31600049893215e-45,"229835_s_at",1,"229835_s_at"
45,"GBP4",-1.57300811912154,3.32238851288299e-45,"222787_s_at",1,"222787_s_at"
46,"RBM6",1.81217192654052,3.8131299618783e-45,"37145_at",1,"37145_at"
47,"CBX5",-1.62011460304679,5.02227936479802e-45,"230795_at",1,"230795_at"
48,"KRT23",-3.09324490320552,5.17105367569963e-45,"218963_s_at",1,"218963_s_at"
49,"SFTA2",1.22580048455529,5.17105367569963e-45,"202397_at",1,"202397_at"
50,"MAGEA1",1.24761263806576,9.56104775169853e-45,"213472_at",1,"213472_at"
51,"BOD1L1",-1.49452728611615,2.77105983647133e-44,"236235_at",1,"236235_at"
52,"GAS2L1",1.19193600458401,3.5424118982596e-44,"213753_x_at",1,"213753_x_at"
53,"ACKR4",-1.2398763431435,6.98698331647601e-44,"228222_at",1,"228222_at"
54,"CXCL9",1.58151813372475,7.46440213759029e-44,"209811_at",1,"209811_at"
55,"ORM2",-1.67988375523945,9.85639559637201e-44,"231152_at",1,"231152_at"
56,"ITCH",1.42977041887671,2.10446009300545e-43,"235175_at",2,"235175_at;223502_s_at"
57,"SYK",-1.16322248304045,5.62168852321073e-43,"229841_at",1,"229841_at"
58,"KANSL1L",1.10566377429969,7.11212006852396e-43,"1558101_at",1,"1558101_at"
59,"ARHGEF7",-1.23189523204828,2.8384624896871e-42,"235729_at",1,"235729_at"
60,"MIR155HG",1.14353594687707,1.6581080841546e-41,"204507_s_at",1,"204507_s_at"
61,"ZNF514",1.25724911913835,2.5723804992889e-41,"204858_s_at",1,"204858_s_at"
62,"EIF5A",1.33989655885615,3.49042569668479e-41,"223694_at",3,"223694_at;229450_at;215078_at"
63,"SLC2A12",1.23487577681495,4.94838930109049e-41,"215780_s_at",1,"215780_s_at"
64,"TRIM7",-1.44508871847408,9.93092599997657e-41,"239131_at",2,"239131_at;243623_at"
65,"PLK2",1.37721313563386,1.41681954507155e-40,"231769_at",1,"231769_at"
66,"REEP1",-0.328866838084715,2.2330426150223e-40,"242414_at",2,"242414_at;203349_s_at"
67,"CXCL14",1.55554214061554,3.24871183226913e-40,"205495_s_at",2,"205495_s_at;232629_at"
68,"SECTM1",1.24665374594634,6.74474487205624e-40,"221920_s_at",1,"221920_s_at"
69,"MX1",1.23288556749483,8.08754453812904e-40,"242939_at",1,"242939_at"
70,"LCP2",-1.20851929287038,1.07490588583652e-39,"209108_at",1,"209108_at"
71,"STAT1",1.29989042723487,1.16184096685816e-39,"208103_s_at",1,"208103_s_at"
72,"SMPX",-1.16570861679041,1.64673757928284e-39,"212062_at",1,"212062_at"
73,"SLC7A8",1.34938848672303,1.98133353953837e-39,"200628_s_at",1,"200628_s_at"
74,"DUSP5",1.06780458000702,2.05671474948791e-39,"204669_s_at",1,"204669_s_at"
75,"FANCD2",-1.03487414458733,2.26692924228681e-39,"209678_s_at",1,"209678_s_at"
76,"AFAP1-AS1",-1.77035817446836,5.68028277575106e-39,"1566764_at",1,"1566764_at"
77,"APOLD1",1.27637204846654,9.51083441787282e-39,"208050_s_at",1,"208050_s_at"
78,"SLC38A4",1.14251365156139,1.03430884965421e-38,"206288_at",1,"206288_at"
79,"PRSS33",-0.206767512476645,1.33414199337218e-38,"228030_at",2,"228030_at;39402_at"
80,"ISG20",1.17948697633469,2.54176571304796e-38,"207528_s_at",1,"207528_s_at"
81,"SENP5",-1.07464600356711,9.4889703191965e-38,"230921_s_at",1,"230921_s_at"
82,"MYH11",1.13071177409239,1.17714654072819e-37,"238542_at",3,"238542_at;230002_at;203471_s_at"
83,"GBP5",1.23511381811548,1.32146609391864e-37,"201122_x_at",2,"201122_x_at;222812_s_at"
84,"HNRNPL",-1.90889906300079,1.45530689162506e-37,"225915_at",2,"225915_at;230964_at"
85,"PROX1",-1.22400054515431,4.42379684898088e-37,"242844_at",2,"242844_at;229725_at"
86,"DAAM1",-1.45022961163591,6.0298954854741e-37,"229128_s_at",1,"229128_s_at"
87,"KRT7",-1.07931597973667,6.21243552200024e-37,"230461_s_at",1,"230461_s_at"
88,"ENPP3",-1.23485862313838,9.74249638437563e-37,"228498_at",1,"228498_at"
89,"FCGR1BP",-1.12447957387118,1.16996633146582e-36,"205405_at",1,"205405_at"
90,"CCL8",-1.63544807564384,1.46124609320026e-36,"223253_at",1,"223253_at"
91,"TMEM106B",1.60604589847807,1.93329543598649e-36,"227458_at",1,"227458_at"
92,"TAC1",-2.09613353670135,1.95438328377063e-36,"203896_s_at",1,"203896_s_at"
93,"CDHR1",-1.31683928197381,2.32011422994365e-36,"216604_s_at",1,"216604_s_at"
94,"INSM1",1.24442368912185,9.20617178575423e-36,"239694_at",1,"239694_at"
95,"HPSE",-1.56691711763979,1.14216164384734e-35,"205471_s_at",2,"205471_s_at;220936_s_at"
96,"MS4A4A",-1.08274365941828,1.22927860217e-35,"221499_s_at",1,"221499_s_at"
97,"RSAD2",-1.50757069253455,2.0830002598764e-35,"219956_at",1,"219956_at"
98,"SESN1",1.43926131679194,3.79218215539575e-35,"1562921_at",1,"1562921_at"
99,"GZMA",1.46464516795119,6.2161063262786e-35,"202478_at",1,"202478_at"
100,"ZCCHC7",-1.0395522285842,9.10198271879758e-35,"221830_at",1,"221830_at"
101,"SLC35D3",1.72435418687594,9.67693462654655e-35,"202203_s_at",1,"202203_s_at"
102,"LY6G6F",-2.59985767226427,1.72844650178417e-34,"207457_s_at",1,"207457_s_at"
103,"CD200",-0.027235410213025,1.95500614859154e-34,"219221_at",2,"219221_at;229391_s_at"
104,"CCL5",-1.15662122963814,1.09541190797382e-33,"242784_at",3,"242784_at;202638_s_at;214257_s_at"
105,"PTGS2",-0.03861116854297,1.73582515400858e-33,"242121_at",2,"242121_at;228969_at"
106,"GPSM2",1.67149630399749,3.03762090221963e-33,"1554411_at",1,"1554411_at"
107,"CXCR4",-1.08915406278169,5.98756312276089e-33,"230466_s_at",1,"230466_s_at"
108,"SPIN3",1.1721060371054,6.04369552707538e-33,"203431_s_at",1,"203431_s_at"
109,"XAF1",-1.13433786505427,1.07739923519251e-32,"212151_at",1,"212151_at"
110,"RSPH1",-1.03288488297352,1.45265727238752e-32,"231207_at",1,"231207_at"
111,"CA1",2.01874606871743,1.62792962116455e-32,"210029_at",1,"210029_at"
112,"IFI6",-1.88935164814024,1.81715553564333e-32,"203895_at",1,"203895_at"
113,"INS-IGF2",-1.99126798423915,3.90295990294694e-32,"202409_at",3,"202409_at;205950_s_at;205184_at"
114,"DUSP4",1.53411690765157,3.90295990294694e-32,"213094_at",3,"213094_at;223447_at;205886_at"
115,"HSPA1B",1.17114287862531,4.13992522023891e-32,"223075_s_at",1,"223075_s_at"
116,"VAV3",1.49676022006885,4.38354039207628e-32,"204070_at",3,"204070_at;224221_s_at;212657_s_at"
117,"DPYD",-1.09970281044078,5.05360567571592e-32,"244010_at",1,"244010_at"
118,"GALNT6",-1.54354887747884,5.63958553397488e-32,"229704_at",1,"229704_at"
119,"CYP2B6",1.35747565882982,6.31592022545972e-32,"210538_s_at",1,"210538_s_at"
120,"GNG4",-1.93663360761812,1.0585378634969e-31,"1555867_at",3,"1555867_at;238673_at;200629_at"
121,"LAPTM4B",1.04385361897938,1.14157428476412e-31,"1554696_s_at",3,"1554696_s_at;205983_at;226878_at"
122,"SLC2A5",1.2683785919636,1.62226496055548e-31,"213470_s_at",1,"213470_s_at"
123,"REG4",-1.3372137533851,1.78554991802207e-31,"225914_s_at",3,"225914_s_at;213432_at;1552349_a_at"
124,"AGR2",1.3906491188391,3.08027526712938e-31,"230036_at",1,"230036_at"
125,"VNN1",-1.19994076753272,3.24447690284662e-31,"213757_at",1,"213757_at"
126,"NME7",1.66440580689498,3.39386427068589e-31,"217678_at",1,"217678_at"
127,"SEC24D",1.0980888737025,3.42405708830331e-31,"238725_at",1,"238725_at"
128,"HOXC6",2.56838448725185,5.80563178939857e-31,"206858_s_at",1,"206858_s_at"
129,"PRR9",-1.02547528762356,1.10159494221621e-30,"209109_s_at",1,"209109_s_at"
130,"TNFSF9",1.31657557349785,1.56720141512787e-30,"216191_s_at",1,"216191_s_at"
131,"SLC25A37",1.26729965657761,1.59319450572748e-30,"219211_at",1,"219211_at"
132,"TRDV3",1.34879079277002,2.47910915867747e-30,"225541_at",1,"225541_at"
133,"CD177",1.24747175982947,2.90501641052551e-30,"204430_s_at",1,"204430_s_at"
134,"CD74",1.03863823905617,5.3158892071184e-30,"205842_s_at",1,"205842_s_at"
135,"MUC5B",-1.60018865064542,7.50743664114409e-30,"204044_at",1,"204044_at"
136,"CD274",-1.64702306283457,8.18744342212085e-30,"232541_at",1,"232541_at"
137,"EPDR1",1.66582678166851,1.88840528784562e-29,"1556194_a_at",1,"1556194_a_at"
138,"MTTP",1.13695799652255,1.90137097441791e-29,"217790_s_at",1,"217790_s_at"
139,"FREM2",1.86983757546138,2.01759277430554e-29,"204415_at",1,"204415_at"
140,"SLC16A14",-1.15662332572952,2.52795922109043e-29,"209750_at",1,"209750_at"
141,"SEMG1",1.82173955875766,3.60222260138671e-29,"204653_at",1,"204653_at"
142,"CLDN18",-1.18542696883424,4.45436918053576e-29,"229490_s_at",3,"229490_s_at;203698_s_at;242907_at"
143,"ERP27",-1.75586140634657,4.74309582775191e-29,"206286_s_at",1,"206286_s_at"
144,"PCP4",-2.45413944973738,5.70657713380097e-29,"205549_at",1,"205549_at"
145,"FGGY",1.42862620793154,1.3386444545747e-28,"226603_at",1,"226603_at"
146,"H2AJ",1.34023301759356,1.42778900809344e-28,"201939_at",1,"201939_at"
147,"RASGRP1",1.04573892501591,1.58847242929231e-28,"235092_at",1,"235092_at"
148,"STX16",0.03617659646994,1.61963530920863e-28,"202479_s_at",2,"202479_s_at;231009_at"
149,"SAMD12",-1.97850385170257,1.76597421111895e-28,"242967_at",1,"242967_at"
150,"USP7",1.0354478252291,4.25112075472887e-28,"229543_at",1,"229543_at"
151,"APOBEC3G",-1.36688885448042,4.34210756833978e-28,"232136_s_at",1,"232136_s_at"
152,"TFDP1",-1.25877435058178,4.88570217375314e-28,"232058_at",1,"232058_at"
153,"GRM8",-1.624184502968,5.84822591556542e-28,"219471_at",2,"219471_at;230784_at"
154,"TYMP",-1.27502559807192,6.09842407222675e-28,"232382_s_at",1,"232382_s_at"
155,"ADGRG6",1.89080703098454,6.23252955678537e-28,"242517_at",1,"242517_at"
156,"FSCN1",1.08358128184788,8.41945845391883e-28,"243271_at",1,"243271_at"
157,"ZNF652",-1.67820364120648,8.46089704439821e-28,"216992_s_at",1,"216992_s_at"
158,"BEX5",1.47948966768144,1.09038697632091e-27,"227641_at",1,"227641_at"
159,"HNRNPH1",1.27978510917602,1.10597610326448e-27,"206907_at",2,"206907_at;1554539_a_at"
160,"CTTNBP2",1.40764153529783,1.49439075405387e-27,"217478_s_at",1,"217478_s_at"
161,"PPBP",1.28382209039134,1.92585112722436e-27,"238581_at",1,"238581_at"
162,"CCL4",1.30554831209326,4.34974846797736e-27,"235057_at",1,"235057_at"
163,"UBD",1.21960115440083,6.43313391911124e-27,"207325_x_at",1,"207325_x_at"
164,"SRPX2",-1.0875923253629,7.02526439983771e-27,"235174_s_at",1,"235174_s_at"
165,"FZD10",1.15404387684811,7.14412026470433e-27,"204698_at",1,"204698_at"
166,"PRAP1",1.23607745238986,7.1719969073742e-27,"213915_at",1,"213915_at"
167,"AIF1L",-1.19553348356873,7.60894895109494e-27,"215123_at",1,"215123_at"
168,"C1QTNF3-AMACR",1.08134850877024,8.19618835214533e-27,"204205_at",3,"204205_at;218804_at;209016_s_at"
169,"SYTL1",-1.09506748360024,9.82459956888662e-27,"213169_at",1,"213169_at"
170,"FBXL16",1.49814207505564,3.9288421095597e-26,"205543_at",1,"205543_at"
171,"NEK3",-1.07856423568535,6.9869476888358e-26,"229427_at",1,"229427_at"
172,"PRELID3B",-1.49350122075681,7.37233509249074e-26,"222696_at",1,"222696_at"
173,"HLA-DQB1",1.06893181007201,1.11307452048572e-25,"206696_at",4,"206696_at;213059_at;202589_at;209457_at"
174,"NFIA",-1.13413801037975,1.39586420683543e-25,"244023_at",1,"244023_at"
175,"STYXL2",1.08673305267675,1.47346233672399e-25,"220658_s_at",1,"220658_s_at"
176,"PIAS2",-1.04652811094354,1.63248526118625e-25,"228088_at",1,"228088_at"
177,"RAB27B",1.38365853908886,1.66970593448929e-25,"209921_at",1,"209921_at"
178,"MMP12",-1.1151751070122,1.87060231674724e-25,"229943_at",1,"229943_at"
179,"UST",-1.09872173089296,2.06928056368048e-25,"209781_s_at",1,"209781_s_at"
180,"FGF19",-1.07574111899168,2.52701796467951e-25,"231252_at",1,"231252_at"
181,"CXCL8",0.115697340474765,3.03825227066294e-25,"205114_s_at",2,"205114_s_at;235652_at"
182,"FCGR3B",1.17537121964829,3.60548983363125e-25,"209969_s_at",2,"209969_s_at;205139_s_at"
183,"HOXD10",-1.34503588463278,4.15512076967882e-25,"222450_at",1,"222450_at"
184,"SSR3",-1.17029007449691,5.52984486349771e-25,"1558515_at",1,"1558515_at"
185,"BCHE",1.12486949084799,6.18658747492898e-25,"226459_at",1,"226459_at"
186,"IL18BP",-1.05273461567077,7.38790791968677e-25,"211089_s_at",1,"211089_s_at"
187,"SEC22B",-1.18197667253941,1.03776363784327e-24,"218704_at",1,"218704_at"
188,"HMGCS2",1.13482584677874,1.05186795981708e-24,"229625_at",1,"229625_at"
189,"KYNU",1.28160128592816,1.5527641071327e-24,"201313_at",1,"201313_at"
190,"MACC1",1.80766275748245,1.63714728667865e-24,"204014_at",1,"204014_at"
191,"PSIP1",1.03200617272902,1.93666753101915e-24,"220293_at",1,"220293_at"
192,"LAMP3",-1.05952129314369,4.93617234681821e-24,"1569540_at",1,"1569540_at"
193,"PTPRD",1.05620687123158,6.55799533049991e-24,"232375_at",1,"232375_at"
194,"TMEM45A",1.22904577139457,8.38937271501869e-24,"206247_at",1,"206247_at"
195,"INO80D",-1.7206455925866,1.24905518833127e-23,"44790_s_at",1,"44790_s_at"
196,"APOOL",1.28327457134712,1.43379362930473e-23,"204103_at",1,"204103_at"
197,"PLA2G2A",1.50447340449239,1.54774724283978e-23,"1405_i_at",1,"1405_i_at"
198,"GPM6A",-1.03811257582533,1.71215469721593e-23,"216129_at",1,"216129_at"
199,"WARS1",-1.43152842377442,2.0362648568122e-23,"218806_s_at",2,"218806_s_at;224412_s_at"
200,"WIF1",-2.42465173572029,2.08152916925821e-23,"204712_at",1,"204712_at"
201,"SYNPO2",1.39464861644393,2.1100643802907e-23,"204015_s_at",4,"204015_s_at;229963_at;203444_s_at;213664_at"
202,"CXCL10",1.74759043751903,2.16078689756999e-23,"223779_at",1,"223779_at"
203,"FCER1G",-1.20481525319913,2.41064910881283e-23,"227996_at",1,"227996_at"
204,"DHRS2",1.55418356075778,3.16128353795391e-23,"201123_s_at",1,"201123_s_at"
205,"TNNT1",1.29349627102543,4.91918804700139e-23,"202270_at",1,"202270_at"
206,"RASSF3",1.12050880496961,5.17256448193448e-23,"214617_at",1,"214617_at"
207,"LCN15",-2.55744039147167,5.77777586338916e-23,"1569532_a_at",1,"1569532_a_at"
208,"NAA15",1.03250859548632,5.89260040974162e-23,"209546_s_at",1,"209546_s_at"
209,"TYMS",-1.14566324606042,6.63102952315795e-23,"1569003_at",2,"1569003_at;240277_at"
210,"PDE10A",-1.46422731689949,6.73765697634847e-23,"207380_x_at",1,"207380_x_at"
211,"TNFSF13B",0.0557845022893101,1.02700466996781e-22,"204916_at",2,"204916_at;235433_at"
212,"LCK",-0.107076393002895,1.20540650490369e-22,"210808_s_at",2,"210808_s_at;202375_at"
213,"VMP1",1.18551269207069,2.1640821936475e-22,"204747_at",1,"204747_at"
214,"NPTX2",-1.5021829602583,2.25489094574062e-22,"216255_s_at",1,"216255_s_at"
215,"BST2",1.21484441807531,3.79085374627672e-22,"213716_s_at",1,"213716_s_at"
216,"AQP3",-1.15351440235092,5.00732530904484e-22,"242299_at",1,"242299_at"
217,"YME1L1",-1.102396677659,5.13882482010388e-22,"239449_at",1,"239449_at"
218,"USP18",1.28795093870771,5.67158496254559e-22,"204655_at",1,"204655_at"
219,"ADH1B",-0.065831122367405,7.60982902905002e-22,"1555765_a_at",2,"1555765_a_at;213201_s_at"
220,"NTRK2",-0.0501978873748401,8.8017970918938e-22,"206754_s_at",2,"206754_s_at;209792_s_at"
221,"GAS6-AS1",-1.18927349814556,1.83219722914624e-21,"239246_at",1,"239246_at"
222,"RARRES1",-0.069688766827595,2.06010691539283e-21,"229481_at",2,"229481_at;203645_s_at"
223,"BIRC3",1.22644006907408,2.12932566094473e-21,"226034_at",2,"226034_at;215049_x_at"
224,"IL1B",-1.42708251295813,2.82193642793167e-21,"232203_at",2,"232203_at;225895_at"
225,"IFIT2",1.07137440294599,3.01524982363668e-21,"209582_s_at",1,"209582_s_at"
226,"RAB12",1.60367294250096,3.23247289931308e-21,"214038_at",1,"214038_at"
227,"GATAD1",1.14385838752987,3.82581474652233e-21,"210321_at",1,"210321_at"
228,"KHDRBS3",-1.12894465724084,4.65885312094776e-21,"244878_at",1,"244878_at"
229,"SLC19A3",1.18140910096772,4.80317225834209e-21,"205269_at",1,"205269_at"
230,"ULBP2",1.77952143621231,6.05682490683427e-21,"206442_at",1,"206442_at"
231,"SLC26A3",-1.13385607252161,6.50802488206521e-21,"203628_at",1,"203628_at"
232,"CYP2B7P",-1.59905830116825,7.69727883900812e-21,"204724_s_at",1,"204724_s_at"
233,"CDCA2",1.11237316143509,8.76533708398514e-21,"228033_at",1,"228033_at"
234,"IAH1",1.02305346635912,9.0048019793916e-21,"218484_at",1,"218484_at"
235,"TNRC6B",1.03697637213154,1.10427281694521e-20,"206670_s_at",1,"206670_s_at"
236,"FBXO6",-1.41039054773609,1.11989900240555e-20,"229215_at",1,"229215_at"
237,"OAS2",1.23780009449795,1.28607582198329e-20,"223501_at",1,"223501_at"
238,"HSPH1",-1.06730029540444,2.14398061619957e-20,"228008_at",1,"228008_at"
239,"CCDC68",1.03125212085477,2.40957934192052e-20,"205569_at",1,"205569_at"
240,"MMP1",1.71444010596636,2.44772204966956e-20,"204533_at",1,"204533_at"
241,"TREM1",-1.30440170376558,2.73259393304894e-20,"209425_at",1,"209425_at"
242,"PRAC1",-1.58957977038841,3.00678404331483e-20,"218002_s_at",1,"218002_s_at"
243,"RAP2A",1.07004317971207,3.46545392004832e-20,"227134_at",1,"227134_at"
244,"IRF1",1.12803787119181,3.53547514582742e-20,"204073_s_at",1,"204073_s_at"
245,"HLA-DMA",1.4353665584569,4.18263300614912e-20,"227862_at",1,"227862_at"
246,"PNMA2",1.53827913921073,4.33145162255314e-20,"220177_s_at",1,"220177_s_at"
247,"S100A8",-1.38690857718645,4.62701234641719e-20,"213385_at",1,"213385_at"
248,"IFIT3",-1.29719111585599,5.28113820152218e-20,"207217_s_at",2,"207217_s_at;219669_at"
249,"ANXA10",1.1197300207571,7.45407841162702e-20,"229437_at",1,"229437_at"
250,"CPE",0.00565730991883995,9.04725107712448e-20,"229390_at",2,"229390_at;226880_at"
251,"CA4",-1.10117248039457,1.00722486066232e-19,"208029_s_at",1,"208029_s_at"
252,"IFI44",1.25960067737617,1.02242209191532e-19,"204007_at",1,"204007_at"
253,"TSPAN6",0.093019432187825,1.31747438501393e-19,"204519_s_at",2,"204519_s_at;209426_s_at"
254,"ASPHD2",1.4219412232396,1.51924468425409e-19,"205501_at",1,"205501_at"
255,"IL6",1.26398366361537,1.56453924626783e-19,"204891_s_at",1,"204891_s_at"
256,"DEFA5",-2.91839280244626,1.56555452911951e-19,"207529_at",1,"207529_at"
257,"GP2",1.17852838828719,1.64183475125861e-19,"219386_s_at",1,"219386_s_at"
258,"GAD1",-0.02887659893781,2.68574066958726e-19,"222449_at",2,"222449_at;226550_at"
259,"CALB1",2.67379175766324,2.86387761115482e-19,"205625_s_at",2,"205625_s_at;205626_s_at"
260,"DOCK8",-1.06345376066921,3.07105544642106e-19,"203560_at",1,"203560_at"
261,"LYZ",-1.07499971011616,5.41661270278512e-19,"235501_at",1,"235501_at"
262,"ICAM1",1.34684156284443,5.48175722324295e-19,"236203_at",1,"236203_at"
263,"GCG",-1.58161217953815,6.83075194848727e-19,"222257_s_at",1,"222257_s_at"
264,"FTX",-1.19298657858704,1.19906720790699e-18,"235412_at",1,"235412_at"
265,"AMFR",-1.75588946880233,1.44967301156613e-18,"204364_s_at",1,"204364_s_at"
266,"PLAAT4",-1.72321919193711,1.90846721875893e-18,"227450_at",1,"227450_at"
267,"CCL18",-0.0856378314713749,2.6370732399333e-18,"222484_s_at",2,"222484_s_at;206569_at"
268,"HAVCR2",-1.04508711842777,2.6856856115101e-18,"235079_at",1,"235079_at"
269,"TRGC2",1.04085887277856,2.92959917871447e-18,"204890_s_at",1,"204890_s_at"
270,"PAH",1.42181550752054,4.23059894122253e-18,"205067_at",1,"205067_at"
271,"TRPM6",1.42365010899167,6.15441946026422e-18,"205488_at",1,"205488_at"
272,"RASL11A",-1.72729451548064,6.19040676183968e-18,"231426_at",1,"231426_at"
273,"PBX1",-1.16352747791904,7.25641845852275e-18,"1570482_at",1,"1570482_at"
274,"CPA6",-1.18087404894987,9.5770926248754e-18,"1559410_at",1,"1559410_at"
275,"CLDN8",1.91372319473299,1.03100449193506e-17,"205242_at",1,"205242_at"
276,"HLA-DPA1",0.126784320817865,1.26884508854183e-17,"220051_at",2,"220051_at;231941_s_at"
277,"TFAP2A-AS1",1.03529752504531,1.30426417188211e-17,"225502_at",1,"225502_at"
278,"GUCA2A",-1.65227797269019,1.42042752386232e-17,"219962_at",1,"219962_at"
279,"SERINC3",1.10355312849208,1.55022034801328e-17,"1555759_a_at",2,"1555759_a_at;226661_at"
280,"RAPGEF6",1.38292480228405,1.57325571886306e-17,"209598_at",2,"209598_at;242787_at"
281,"IL24",1.31936952490078,1.59397149791532e-17,"213537_at",1,"213537_at"
282,"CXCL13",-1.96237388771081,2.19324519522278e-17,"202410_x_at",1,"202410_x_at"
283,"REG1B",1.47677879920211,2.51221316836805e-17,"205681_at",1,"205681_at"
284,"SPP1",-1.28783875359437,4.95104116381676e-17,"228915_at",1,"228915_at"
285,"DEFA6",-2.30301562687441,5.2206368404735e-17,"207814_at",1,"207814_at"
286,"GNLY",-1.76556540721438,6.12999882968023e-17,"210881_s_at",2,"210881_s_at;243495_s_at"
287,"ACSL6",-1.19890631955762,6.46777245751027e-17,"243669_s_at",1,"243669_s_at"
288,"RNF19B",-1.15507519344871,9.52328557091144e-17,"244353_s_at",2,"244353_s_at;241509_at"
289,"SAMD9L",0.0249398024604,9.84894790558198e-17,"226545_at",2,"226545_at;241547_at"
290,"PCSK1",1.74376685025877,1.17578018662062e-16,"205220_at",1,"205220_at"
291,"DSC3",-1.09100174839817,1.19799267968745e-16,"229376_at",2,"229376_at;230270_at"
292,"DOCK5",1.18467570890536,1.22716648317777e-16,"205081_at",1,"205081_at"
293,"ZIC2",-1.0301670033113,1.28865346268045e-16,"229441_at",1,"229441_at"
294,"FRZB",-1.23510850080643,1.74458983655912e-16,"228656_at",2,"228656_at;244290_at"
295,"CYB5D1",1.02301910364023,2.31060058810374e-16,"231577_s_at",1,"231577_s_at"
296,"ABAT",-1.07316950906548,4.85587340132551e-16,"231250_at",2,"231250_at;209424_s_at"
297,"SLC28A3",1.07896121147743,5.57973776726002e-16,"205483_s_at",1,"205483_s_at"
298,"RNF182",1.28274732675848,6.40204131459769e-16,"219434_at",1,"219434_at"
299,"ROBO2",-1.16263371267731,7.27216477436607e-16,"208937_s_at",1,"208937_s_at"
300,"SATB1",-1.03695004818582,8.91227731456587e-16,"238632_at",1,"238632_at"
301,"MMP7",-1.07649741245042,1.14484663806438e-15,"211419_s_at",1,"211419_s_at"
302,"CREB3L1",-1.16410143662415,1.42929681502481e-15,"238127_at",1,"238127_at"
303,"ZBTB20",-1.22693492267816,1.50608312617469e-15,"203697_at",1,"203697_at"
304,"SPINK1",1.18510263434508,1.53465071553248e-15,"201641_at",1,"201641_at"
305,"NUTF2P4",-1.25186276635398,1.71589308926637e-15,"205174_s_at",1,"205174_s_at"
306,"KMT5A",-1.05615183601121,2.38955640673296e-15,"228649_at",1,"228649_at"
307,"PIK3AP1",-1.15549141200389,2.49291394208919e-15,"220736_at",1,"220736_at"
308,"CAPN6",-1.52025122197451,2.68430473544925e-15,"204042_at",1,"204042_at"
309,"FOXD1",1.17945568396806,3.57253882122834e-15,"1554899_s_at",1,"1554899_s_at"
310,"BCL2A1",-1.49626379019787,5.72369230549076e-15,"203423_at",1,"203423_at"
311,"PCMTD1",1.2978063560847,5.72957022368828e-15,"223949_at",1,"223949_at"
312,"MTA2",-1.40050034253588,5.85000747646986e-15,"219718_at",1,"219718_at"
313,"PLLP",-1.26273844315078,6.58347068472526e-15,"227510_x_at",1,"227510_x_at"
314,"ATXN7",-1.10455452619689,6.63665099585703e-15,"205472_s_at",1,"205472_s_at"
315,"RBP1",1.52209203049181,6.94394877357306e-15,"203915_at",1,"203915_at"
316,"SBNO1",1.02444890541494,7.48437097396243e-15,"201926_s_at",1,"201926_s_at"
317,"ARID3A",1.09242434754539,7.673253519951e-15,"214511_x_at",1,"214511_x_at"
318,"NKD1",0.126385425598245,8.55410845873375e-15,"242625_at",2,"242625_at;227826_s_at"
319,"SETSIP",1.26053312246707,1.00926776485691e-14,"217388_s_at",1,"217388_s_at"
320,"SLC4A11",1.05933187330946,1.05445106388826e-14,"201564_s_at",1,"201564_s_at"
321,"NCF2",-1.08313281931792,1.09182656054873e-14,"1554679_a_at",1,"1554679_a_at"
322,"PLCB4",-2.01371781032735,1.35924927394744e-14,"1553970_s_at",2,"1553970_s_at;209616_s_at"
323,"PMEPA1",0.11327004037284,1.48672014381835e-14,"202859_x_at",2,"202859_x_at;242736_at"
324,"IDO1",-2.06376712498074,2.77631129090487e-14,"205910_s_at",1,"205910_s_at"
325,"CXCL11",-1.71726486014665,2.83397767643413e-14,"201496_x_at",2,"201496_x_at;205825_at"
326,"ZNF704",1.07161958270371,3.01035117311006e-14,"211991_s_at",1,"211991_s_at"
327,"CCAR2",-1.19860666605158,3.03361108437178e-14,"222938_x_at",1,"222938_x_at"
328,"GPALPP1",-1.0259047844064,3.74031308839962e-14,"230333_at",1,"230333_at"
329,"TFF2",-1.60660176436532,5.84895076938859e-14,"228133_s_at",1,"228133_s_at"
330,"PRSS23",1.05780627223252,6.15293502450522e-14,"209949_at",1,"209949_at"
331,"SLC51B",1.06425795076404,6.67866006593245e-14,"217028_at",1,"217028_at"
332,"PROK2",1.51420272871845,8.08290076056689e-14,"214079_at",1,"214079_at"
333,"IGF1R",1.16319188847924,8.3600276584225e-14,"1559827_at",1,"1559827_at"
334,"FBXO21",1.06686450100417,1.17913022128353e-13,"219890_at",1,"219890_at"
335,"ACE2",0.028534583308535,1.23357901782668e-13,"204475_at",2,"204475_at;207003_at"
336,"CFTR",1.08908982131378,1.39193129490439e-13,"212998_x_at",2,"212998_x_at;1554018_at"
337,"NOX1",-0.05096290052493,1.39394044418595e-13,"208121_s_at",4,"208121_s_at;218346_s_at;228708_at;242037_at"
338,"BCAT1",1.03651261003681,1.41221898731283e-13,"206666_at",1,"206666_at"
339,"SLAMF8",1.20408370978938,1.47618635840218e-13,"204972_at",1,"204972_at"
340,"CD109",-1.49609289682932,2.43212652064424e-13,"202965_s_at",1,"202965_s_at"
341,"TNFAIP6",-0.07782629188808,3.02872204730877e-13,"201117_s_at",2,"201117_s_at;202581_at"
342,"C5AR1",-1.04054128080546,3.41754690065609e-13,"205043_at",1,"205043_at"
343,"ATP9A",0.0627420444101351,3.50412569316913e-13,"219410_at",2,"219410_at;223969_s_at"
344,"TXNDC9",1.19583351707384,3.86147110284545e-13,"202086_at",1,"202086_at"
345,"DACH1",-1.31354174054341,4.25546503759019e-13,"214598_at",3,"214598_at;206418_at;226766_at"
346,"CASP2",-1.25297770098493,4.27470456782625e-13,"211506_s_at",3,"211506_s_at;201116_s_at;209612_s_at"
347,"GBP2",1.07078819188926,4.28502323223047e-13,"212999_x_at",1,"212999_x_at"
348,"NOTUM",1.08153936703588,4.37114463001739e-13,"204580_at",1,"204580_at"
349,"PYY",-1.25846601157747,4.60230323554982e-13,"221031_s_at",1,"221031_s_at"
350,"TMEM150C",1.12075392752016,5.1524334229449e-13,"210889_s_at",1,"210889_s_at"
351,"PTPRO",-1.50772806008211,5.17929430414622e-13,"221795_at",1,"221795_at"
352,"SDR16C5",1.23377577480979,5.83941460476211e-13,"214453_s_at",1,"214453_s_at"
353,"CDC42",1.40166533798089,7.83857098879496e-13,"1554997_a_at",1,"1554997_a_at"
354,"WASF3",1.57957081045457,8.46427021427525e-13,"214476_at",1,"214476_at"
355,"E2F7",1.13645711130114,8.57557830636165e-13,"207847_s_at",1,"207847_s_at"
356,"NKG7",-1.26114294990284,9.97954163583751e-13,"230720_at",1,"230720_at"
357,"RETNLB",-0.1104361190056,1.1696054196784e-12,"229400_at",2,"229400_at;205278_at"
358,"TUG1",1.24428680206612,1.19858700471062e-12,"205207_at",1,"205207_at"
359,"GHR",1.20994809012886,1.56384295555237e-12,"206502_s_at",1,"206502_s_at"
360,"TNFRSF19",-1.09000337588362,1.68216437288448e-12,"229623_at",1,"229623_at"
361,"PDK3",-1.65849010519848,1.80040083845463e-12,"205041_s_at",1,"205041_s_at"
362,"NUCKS1",1.35039780916515,2.38855943290713e-12,"202917_s_at",1,"202917_s_at"
363,"PLA2G12B",1.07089430309442,2.5786984746112e-12,"204646_at",1,"204646_at"
364,"QPCT",1.2690810547607,2.59181431832988e-12,"206026_s_at",1,"206026_s_at"
365,"MYRF",-1.16067121379412,3.12338974556275e-12,"206239_s_at",1,"206239_s_at"
366,"RHOF",-1.24108675721193,3.33506370402142e-12,"1555019_at",2,"1555019_at;222357_at"
367,"GPNMB",-1.09657303864436,3.70918862025268e-12,"204365_s_at",1,"204365_s_at"
368,"HSPA4L",-1.6087530305187,3.7438202265133e-12,"231341_at",2,"231341_at;227260_at"
369,"CHN2",1.26574504647549,4.23906295341345e-12,"32128_at",2,"32128_at;228617_at"
370,"AXIN2",1.51834567969376,4.75324125507552e-12,"204614_at",1,"204614_at"
371,"PRPF39",1.27443600655365,5.14391704786233e-12,"209924_at",1,"209924_at"
372,"POU2AF1",-1.04044819562646,6.74138756794887e-12,"235147_at",1,"235147_at"
373,"TRIM13",-1.1371546870937,1.02759735146684e-11,"233604_at",1,"233604_at"
374,"CCL3L1",1.67163831278894,1.05989490744809e-11,"210163_at",1,"210163_at"
375,"SEMA5A",-1.10799305987096,1.29768206877311e-11,"1552511_a_at",3,"1552511_a_at;238029_s_at;204607_at"
376,"PRKCI",-1.06233694548397,1.69250778817534e-11,"205499_at",1,"205499_at"
377,"SLC7A11",1.20816895805128,2.48727391446914e-11,"211122_s_at",3,"211122_s_at;1555989_at;220351_at"
378,"CWH43",-0.0280427545942901,2.81918116994676e-11,"219772_s_at",2,"219772_s_at;1554803_s_at"
379,"PRF1",1.14820436339216,3.04037046599218e-11,"220110_s_at",1,"220110_s_at"
380,"CRIP1",-1.21285856940701,4.33035102655253e-11,"225721_at",1,"225721_at"
381,"CDC42SE1",-1.48148546143934,5.00532733558541e-11,"225720_at",1,"225720_at"
382,"EREG",-1.2748407383509,5.01605374868234e-11,"207412_x_at",1,"207412_x_at"
383,"LINC00960",-1.18653300732575,5.67859103308694e-11,"244056_at",1,"244056_at"
384,"GAS2",-1.0488091873532,5.98572223854699e-11,"223761_at",1,"223761_at"
385,"UGT2A3",-1.10096640518507,6.83692649596802e-11,"201495_x_at",1,"201495_x_at"
386,"ISG15",-1.11197615377523,7.8333165079211e-11,"220723_s_at",1,"220723_s_at"
387,"FABP4",1.14438266982975,7.96510152375913e-11,"208473_s_at",1,"208473_s_at"
388,"CATSPERB",-1.05970945749885,8.2832145816474e-11,"210445_at",1,"210445_at"
389,"ID1",1.18584442151871,8.54761826522107e-11,"205890_s_at",1,"205890_s_at"
390,"EPPK1",-1.1165110486478,9.1763547943222e-11,"220786_s_at",1,"220786_s_at"
391,"IFI44L",-1.32230204493451,1.0980710893404e-10,"225894_at",1,"225894_at"
392,"ANO1",1.11312308904243,1.21513835842692e-10,"206025_s_at",1,"206025_s_at"
393,"EP300-AS1",1.48340093418388,1.24252174338244e-10,"203649_s_at",1,"203649_s_at"
394,"SLC9A7",-1.09036483825516,1.78079610910591e-10,"209459_s_at",1,"209459_s_at"
395,"GPR143",-1.41627670543252,1.78648138605463e-10,"221796_at",1,"221796_at"
396,"NR1D2",-1.18435037756456,1.82222785429919e-10,"205498_at",1,"205498_at"
397,"FCGR2B",1.15205144328696,1.87134009119732e-10,"206307_s_at",1,"206307_s_at"
398,"PRSS21",1.3980833011129,3.05840188640617e-10,"205828_at",1,"205828_at"
399,"TRIB2",-1.31464206417097,4.17590050532898e-10,"212730_at",2,"212730_at;1555882_at"
400,"DES",1.31821291981651,4.68372698182557e-10,"204748_at",1,"204748_at"
401,"ASCL2",1.44217521731017,5.33208809743885e-10,"202888_s_at",1,"202888_s_at"
402,"COXFA4L2",1.0532638526599,6.16543010565583e-10,"232277_at",1,"232277_at"
403,"GZMH",1.17610235466294,6.91286589888702e-10,"221872_at",1,"221872_at"
404,"RNF32-DT",1.03056211465984,7.74334119119067e-10,"223748_at",1,"223748_at"
405,"IL1RN",-1.52255789933332,7.76133452690095e-10,"206422_at",1,"206422_at"
406,"ZC3HAV1",-1.05515530428928,9.9408843142296e-10,"220724_at",1,"220724_at"
407,"ASPH",1.34189983110612,1.80374081805773e-09,"209480_at",1,"209480_at"
408,"ERAP2",1.05701707589786,2.02644223865941e-09,"219607_s_at",1,"219607_s_at"
409,"CIMAP1B",-1.09082634567103,2.39535104052903e-09,"205328_at",1,"205328_at"
410,"NXF3",-1.17855952999719,4.62367879989788e-09,"225016_at",1,"225016_at"
411,"CPLX1",-1.03599112133437,7.49746161734144e-09,"230830_at",1,"230830_at"
412,"CELP",1.29719563179493,8.48236025635907e-09,"204439_at",1,"204439_at"
413,"PGGT1B",-0.06058702403329,9.25556031951566e-09,"202222_s_at",2,"202222_s_at;36564_at"
414,"RAMP1",1.40860448539479,1.25259849866121e-08,"213831_at",1,"213831_at"
415,"MPHOSPH9",1.04287399827271,1.50744191146404e-08,"204006_s_at",1,"204006_s_at"
416,"ARHGAP32",1.19798637085231,1.69520023475401e-08,"238017_at",1,"238017_at"
417,"TRNP1",-1.4799441246772,1.82221710116246e-08,"213479_at",1,"213479_at"
418,"NPIPB13",-1.23218304474978,2.36935638200841e-08,"207080_s_at",1,"207080_s_at"
419,"GZMK",-1.06459142777187,2.98131512190518e-08,"227812_at",1,"227812_at"
420,"GGH",1.08822186611161,3.28787706158022e-08,"230563_at",1,"230563_at"
421,"CMPK2",1.03282607593156,4.23806092463336e-08,"206392_s_at",1,"206392_s_at"
422,"SOD2-OT1",-0.106570637848395,5.65895938363441e-08,"205767_at",2,"205767_at;226757_at"
423,"SLITRK6",-1.16071795923967,1.01883928307393e-07,"229659_s_at",1,"229659_s_at"
424,"SLC1A1",1.26506449149159,1.27800382009366e-07,"209875_s_at",1,"209875_s_at"
425,"BAG4",-1.09310954063865,1.31773046903093e-07,"205433_at",1,"205433_at"
426,"SLC1A7",-1.28651810024911,1.51706149984881e-07,"223970_at",1,"223970_at"
427,"AIM2",-1.36107035018063,2.16021471498722e-07,"209613_s_at",1,"209613_s_at"
428,"BMAL2",-1.11948783805565,2.1836968463221e-07,"206032_at",1,"206032_at"
429,"CLDN10",1.1230020592325,2.24506903393049e-07,"39248_at",1,"39248_at"
430,"PPP3R1",1.17596725466335,2.37708654806247e-07,"205844_at",1,"205844_at"
431,"MMP3",1.42678298790401,2.45602133087649e-07,"214974_x_at",1,"214974_x_at"
432,"TRIM72",-1.11240323213046,2.75542380982015e-07,"205675_at",1,"205675_at"
433,"CD163",0.00470231736547,3.45421788191962e-07,"210143_at",2,"210143_at;215702_s_at"
434,"SYNM",1.51405156090147,4.20615692034686e-07,"1554436_a_at",1,"1554436_a_at"
435,"VANGL2",1.02948318386663,4.46883831478675e-07,"219759_at",1,"219759_at"
436,"ENO2",1.30401695960164,4.97499392923099e-07,"238984_at",1,"238984_at"
437,"IBSP",-1.04990570698294,7.27283932553016e-07,"204259_at",1,"204259_at"
438,"MUC20",-1.13131965995165,7.92258675781608e-07,"227827_at",1,"227827_at"
439,"FARP1",1.23270804863356,8.93053120870441e-07,"214135_at",2,"214135_at;34449_at"
440,"MIR3916",-1.07199136742083,9.06780219624868e-07,"206208_at",1,"206208_at"
441,"RASGEF1A",-1.12014328895246,2.054124248087e-06,"203980_at",1,"203980_at"
442,"ZBTB38",-1.12997068963747,4.36223102477816e-06,"235976_at",1,"235976_at"
443,"MAP3K12",-1.10473581800414,5.72829604028547e-06,"215657_at",1,"215657_at"
444,"HLA-DOA",-1.07146084902894,1.1735627317833e-05,"219948_x_at",1,"219948_x_at"
445,"PPP1CB",-1.26249104283496,1.8453512243306e-05,"214146_s_at",1,"214146_s_at"
446,"POLR3G",1.04704969242969,2.12512359812754e-05,"1555745_a_at",1,"1555745_a_at"
447,"PLEK",1.16076445468452,2.83180395632401e-05,"232578_at",1,"232578_at"
448,"MBD1",-1.12304139132417,5.6589374131197e-05,"219764_at",1,"219764_at"
449,"DPEP1",1.14239136066534,0.0005578880440502,"209752_at",1,"209752_at"
450,"APOL1",-1.05991931997411,0.0006788259383095,"232252_at",1,"232252_at"
